#
# TABLE STRUCTURE FOR: communities
#

DROP TABLE IF EXISTS `communities`;

CREATE TABLE `communities` (
  `id` int(10) unsigned NOT NULL AUTO_INCREMENT,
  `name` varchar(150) COLLATE utf8_unicode_ci NOT NULL,
  `created_at` datetime DEFAULT current_timestamp(),
  PRIMARY KEY (`id`),
  UNIQUE KEY `name` (`name`)
) ENGINE=InnoDB AUTO_INCREMENT=21 DEFAULT CHARSET=utf8 COLLATE=utf8_unicode_ci;

INSERT INTO `communities` (`id`, `name`, `created_at`) VALUES (1, 'eaque', '2019-11-29 12:51:28');
INSERT INTO `communities` (`id`, `name`, `created_at`) VALUES (2, 'alias', '2019-12-11 06:05:52');
INSERT INTO `communities` (`id`, `name`, `created_at`) VALUES (3, 'aut', '2019-10-06 19:04:09');
INSERT INTO `communities` (`id`, `name`, `created_at`) VALUES (4, 'voluptatem', '2019-12-05 19:03:48');
INSERT INTO `communities` (`id`, `name`, `created_at`) VALUES (5, 'dolores', '2019-12-17 15:30:33');
INSERT INTO `communities` (`id`, `name`, `created_at`) VALUES (6, 'quod', '2019-11-10 20:14:39');
INSERT INTO `communities` (`id`, `name`, `created_at`) VALUES (7, 'nesciunt', '2020-01-04 09:18:02');
INSERT INTO `communities` (`id`, `name`, `created_at`) VALUES (8, 'unde', '2019-05-23 14:44:54');
INSERT INTO `communities` (`id`, `name`, `created_at`) VALUES (9, 'rerum', '2019-10-02 16:18:18');
INSERT INTO `communities` (`id`, `name`, `created_at`) VALUES (10, 'quas', '2019-06-28 09:43:23');
INSERT INTO `communities` (`id`, `name`, `created_at`) VALUES (11, 'doloribus', '2019-12-18 20:21:18');
INSERT INTO `communities` (`id`, `name`, `created_at`) VALUES (12, 'aliquam', '2019-07-22 02:27:33');
INSERT INTO `communities` (`id`, `name`, `created_at`) VALUES (13, 'maiores', '2019-06-10 07:19:52');
INSERT INTO `communities` (`id`, `name`, `created_at`) VALUES (14, 'molestias', '2020-01-04 06:08:30');
INSERT INTO `communities` (`id`, `name`, `created_at`) VALUES (15, 'qui', '2019-12-03 16:21:06');
INSERT INTO `communities` (`id`, `name`, `created_at`) VALUES (16, 'saepe', '2019-11-29 00:12:04');
INSERT INTO `communities` (`id`, `name`, `created_at`) VALUES (17, 'deserunt', '2020-02-19 01:22:58');
INSERT INTO `communities` (`id`, `name`, `created_at`) VALUES (18, 'distinctio', '2020-02-19 21:30:47');
INSERT INTO `communities` (`id`, `name`, `created_at`) VALUES (19, 'veniam', '2019-06-16 10:19:40');
INSERT INTO `communities` (`id`, `name`, `created_at`) VALUES (20, 'omnis', '2020-01-31 15:31:23');


#
# TABLE STRUCTURE FOR: communities_users
#

DROP TABLE IF EXISTS `communities_users`;

CREATE TABLE `communities_users` (
  `community_id` int(10) unsigned NOT NULL,
  `user_id` int(10) unsigned NOT NULL,
  PRIMARY KEY (`community_id`,`user_id`)
) ENGINE=InnoDB DEFAULT CHARSET=utf8 COLLATE=utf8_unicode_ci;

INSERT INTO `communities_users` (`community_id`, `user_id`) VALUES (1, 1);
INSERT INTO `communities_users` (`community_id`, `user_id`) VALUES (1, 21);
INSERT INTO `communities_users` (`community_id`, `user_id`) VALUES (1, 41);
INSERT INTO `communities_users` (`community_id`, `user_id`) VALUES (1, 61);
INSERT INTO `communities_users` (`community_id`, `user_id`) VALUES (1, 81);
INSERT INTO `communities_users` (`community_id`, `user_id`) VALUES (2, 2);
INSERT INTO `communities_users` (`community_id`, `user_id`) VALUES (2, 22);
INSERT INTO `communities_users` (`community_id`, `user_id`) VALUES (2, 42);
INSERT INTO `communities_users` (`community_id`, `user_id`) VALUES (2, 62);
INSERT INTO `communities_users` (`community_id`, `user_id`) VALUES (2, 82);
INSERT INTO `communities_users` (`community_id`, `user_id`) VALUES (3, 3);
INSERT INTO `communities_users` (`community_id`, `user_id`) VALUES (3, 23);
INSERT INTO `communities_users` (`community_id`, `user_id`) VALUES (3, 43);
INSERT INTO `communities_users` (`community_id`, `user_id`) VALUES (3, 63);
INSERT INTO `communities_users` (`community_id`, `user_id`) VALUES (3, 83);
INSERT INTO `communities_users` (`community_id`, `user_id`) VALUES (4, 4);
INSERT INTO `communities_users` (`community_id`, `user_id`) VALUES (4, 24);
INSERT INTO `communities_users` (`community_id`, `user_id`) VALUES (4, 44);
INSERT INTO `communities_users` (`community_id`, `user_id`) VALUES (4, 64);
INSERT INTO `communities_users` (`community_id`, `user_id`) VALUES (4, 84);
INSERT INTO `communities_users` (`community_id`, `user_id`) VALUES (5, 5);
INSERT INTO `communities_users` (`community_id`, `user_id`) VALUES (5, 25);
INSERT INTO `communities_users` (`community_id`, `user_id`) VALUES (5, 45);
INSERT INTO `communities_users` (`community_id`, `user_id`) VALUES (5, 65);
INSERT INTO `communities_users` (`community_id`, `user_id`) VALUES (5, 85);
INSERT INTO `communities_users` (`community_id`, `user_id`) VALUES (6, 6);
INSERT INTO `communities_users` (`community_id`, `user_id`) VALUES (6, 26);
INSERT INTO `communities_users` (`community_id`, `user_id`) VALUES (6, 46);
INSERT INTO `communities_users` (`community_id`, `user_id`) VALUES (6, 66);
INSERT INTO `communities_users` (`community_id`, `user_id`) VALUES (6, 86);
INSERT INTO `communities_users` (`community_id`, `user_id`) VALUES (7, 7);
INSERT INTO `communities_users` (`community_id`, `user_id`) VALUES (7, 27);
INSERT INTO `communities_users` (`community_id`, `user_id`) VALUES (7, 47);
INSERT INTO `communities_users` (`community_id`, `user_id`) VALUES (7, 67);
INSERT INTO `communities_users` (`community_id`, `user_id`) VALUES (7, 87);
INSERT INTO `communities_users` (`community_id`, `user_id`) VALUES (8, 8);
INSERT INTO `communities_users` (`community_id`, `user_id`) VALUES (8, 28);
INSERT INTO `communities_users` (`community_id`, `user_id`) VALUES (8, 48);
INSERT INTO `communities_users` (`community_id`, `user_id`) VALUES (8, 68);
INSERT INTO `communities_users` (`community_id`, `user_id`) VALUES (8, 88);
INSERT INTO `communities_users` (`community_id`, `user_id`) VALUES (9, 9);
INSERT INTO `communities_users` (`community_id`, `user_id`) VALUES (9, 29);
INSERT INTO `communities_users` (`community_id`, `user_id`) VALUES (9, 49);
INSERT INTO `communities_users` (`community_id`, `user_id`) VALUES (9, 69);
INSERT INTO `communities_users` (`community_id`, `user_id`) VALUES (9, 89);
INSERT INTO `communities_users` (`community_id`, `user_id`) VALUES (10, 10);
INSERT INTO `communities_users` (`community_id`, `user_id`) VALUES (10, 30);
INSERT INTO `communities_users` (`community_id`, `user_id`) VALUES (10, 50);
INSERT INTO `communities_users` (`community_id`, `user_id`) VALUES (10, 70);
INSERT INTO `communities_users` (`community_id`, `user_id`) VALUES (10, 90);
INSERT INTO `communities_users` (`community_id`, `user_id`) VALUES (11, 11);
INSERT INTO `communities_users` (`community_id`, `user_id`) VALUES (11, 31);
INSERT INTO `communities_users` (`community_id`, `user_id`) VALUES (11, 51);
INSERT INTO `communities_users` (`community_id`, `user_id`) VALUES (11, 71);
INSERT INTO `communities_users` (`community_id`, `user_id`) VALUES (11, 91);
INSERT INTO `communities_users` (`community_id`, `user_id`) VALUES (12, 12);
INSERT INTO `communities_users` (`community_id`, `user_id`) VALUES (12, 32);
INSERT INTO `communities_users` (`community_id`, `user_id`) VALUES (12, 52);
INSERT INTO `communities_users` (`community_id`, `user_id`) VALUES (12, 72);
INSERT INTO `communities_users` (`community_id`, `user_id`) VALUES (12, 92);
INSERT INTO `communities_users` (`community_id`, `user_id`) VALUES (13, 13);
INSERT INTO `communities_users` (`community_id`, `user_id`) VALUES (13, 33);
INSERT INTO `communities_users` (`community_id`, `user_id`) VALUES (13, 53);
INSERT INTO `communities_users` (`community_id`, `user_id`) VALUES (13, 73);
INSERT INTO `communities_users` (`community_id`, `user_id`) VALUES (13, 93);
INSERT INTO `communities_users` (`community_id`, `user_id`) VALUES (14, 14);
INSERT INTO `communities_users` (`community_id`, `user_id`) VALUES (14, 34);
INSERT INTO `communities_users` (`community_id`, `user_id`) VALUES (14, 54);
INSERT INTO `communities_users` (`community_id`, `user_id`) VALUES (14, 74);
INSERT INTO `communities_users` (`community_id`, `user_id`) VALUES (14, 94);
INSERT INTO `communities_users` (`community_id`, `user_id`) VALUES (15, 15);
INSERT INTO `communities_users` (`community_id`, `user_id`) VALUES (15, 35);
INSERT INTO `communities_users` (`community_id`, `user_id`) VALUES (15, 55);
INSERT INTO `communities_users` (`community_id`, `user_id`) VALUES (15, 75);
INSERT INTO `communities_users` (`community_id`, `user_id`) VALUES (15, 95);
INSERT INTO `communities_users` (`community_id`, `user_id`) VALUES (16, 16);
INSERT INTO `communities_users` (`community_id`, `user_id`) VALUES (16, 36);
INSERT INTO `communities_users` (`community_id`, `user_id`) VALUES (16, 56);
INSERT INTO `communities_users` (`community_id`, `user_id`) VALUES (16, 76);
INSERT INTO `communities_users` (`community_id`, `user_id`) VALUES (16, 96);
INSERT INTO `communities_users` (`community_id`, `user_id`) VALUES (17, 17);
INSERT INTO `communities_users` (`community_id`, `user_id`) VALUES (17, 37);
INSERT INTO `communities_users` (`community_id`, `user_id`) VALUES (17, 57);
INSERT INTO `communities_users` (`community_id`, `user_id`) VALUES (17, 77);
INSERT INTO `communities_users` (`community_id`, `user_id`) VALUES (17, 97);
INSERT INTO `communities_users` (`community_id`, `user_id`) VALUES (18, 18);
INSERT INTO `communities_users` (`community_id`, `user_id`) VALUES (18, 38);
INSERT INTO `communities_users` (`community_id`, `user_id`) VALUES (18, 58);
INSERT INTO `communities_users` (`community_id`, `user_id`) VALUES (18, 78);
INSERT INTO `communities_users` (`community_id`, `user_id`) VALUES (18, 98);
INSERT INTO `communities_users` (`community_id`, `user_id`) VALUES (19, 19);
INSERT INTO `communities_users` (`community_id`, `user_id`) VALUES (19, 39);
INSERT INTO `communities_users` (`community_id`, `user_id`) VALUES (19, 59);
INSERT INTO `communities_users` (`community_id`, `user_id`) VALUES (19, 79);
INSERT INTO `communities_users` (`community_id`, `user_id`) VALUES (19, 99);
INSERT INTO `communities_users` (`community_id`, `user_id`) VALUES (20, 20);
INSERT INTO `communities_users` (`community_id`, `user_id`) VALUES (20, 40);
INSERT INTO `communities_users` (`community_id`, `user_id`) VALUES (20, 60);
INSERT INTO `communities_users` (`community_id`, `user_id`) VALUES (20, 80);
INSERT INTO `communities_users` (`community_id`, `user_id`) VALUES (20, 100);


#
# TABLE STRUCTURE FOR: friendship
#

DROP TABLE IF EXISTS `friendship`;

CREATE TABLE `friendship` (
  `user_id` int(10) unsigned NOT NULL,
  `friend_id` int(10) unsigned NOT NULL,
  `status_id` int(10) unsigned NOT NULL,
  `requested_at` datetime DEFAULT current_timestamp(),
  `confirmed_at` datetime DEFAULT current_timestamp() ON UPDATE current_timestamp(),
  PRIMARY KEY (`user_id`,`friend_id`)
) ENGINE=InnoDB DEFAULT CHARSET=utf8 COLLATE=utf8_unicode_ci;

INSERT INTO `friendship` (`user_id`, `friend_id`, `status_id`, `requested_at`, `confirmed_at`) VALUES (1, 1, 1, '2019-06-23 13:07:47', '2019-11-07 08:00:29');
INSERT INTO `friendship` (`user_id`, `friend_id`, `status_id`, `requested_at`, `confirmed_at`) VALUES (2, 2, 2, '2019-05-26 02:10:28', '2019-07-02 05:45:17');
INSERT INTO `friendship` (`user_id`, `friend_id`, `status_id`, `requested_at`, `confirmed_at`) VALUES (3, 3, 3, '2019-12-10 09:57:09', '2019-11-11 14:23:12');
INSERT INTO `friendship` (`user_id`, `friend_id`, `status_id`, `requested_at`, `confirmed_at`) VALUES (4, 4, 4, '2019-11-10 17:46:18', '2020-01-13 14:50:29');
INSERT INTO `friendship` (`user_id`, `friend_id`, `status_id`, `requested_at`, `confirmed_at`) VALUES (5, 5, 5, '2020-01-30 13:48:09', '2019-09-14 09:26:04');
INSERT INTO `friendship` (`user_id`, `friend_id`, `status_id`, `requested_at`, `confirmed_at`) VALUES (6, 6, 6, '2019-09-05 16:05:23', '2019-11-02 20:36:10');
INSERT INTO `friendship` (`user_id`, `friend_id`, `status_id`, `requested_at`, `confirmed_at`) VALUES (7, 7, 7, '2020-01-14 18:56:37', '2019-07-10 05:29:39');
INSERT INTO `friendship` (`user_id`, `friend_id`, `status_id`, `requested_at`, `confirmed_at`) VALUES (8, 8, 8, '2020-01-22 14:02:50', '2020-02-18 01:00:28');
INSERT INTO `friendship` (`user_id`, `friend_id`, `status_id`, `requested_at`, `confirmed_at`) VALUES (9, 9, 9, '2019-04-19 13:53:00', '2019-12-16 16:06:53');
INSERT INTO `friendship` (`user_id`, `friend_id`, `status_id`, `requested_at`, `confirmed_at`) VALUES (10, 10, 10, '2019-06-09 06:04:59', '2019-10-19 08:05:24');
INSERT INTO `friendship` (`user_id`, `friend_id`, `status_id`, `requested_at`, `confirmed_at`) VALUES (11, 11, 1, '2019-05-31 11:22:33', '2020-02-10 18:48:49');
INSERT INTO `friendship` (`user_id`, `friend_id`, `status_id`, `requested_at`, `confirmed_at`) VALUES (12, 12, 2, '2019-06-08 08:20:51', '2019-07-12 03:52:04');
INSERT INTO `friendship` (`user_id`, `friend_id`, `status_id`, `requested_at`, `confirmed_at`) VALUES (13, 13, 3, '2020-02-01 16:54:35', '2019-09-05 20:11:06');
INSERT INTO `friendship` (`user_id`, `friend_id`, `status_id`, `requested_at`, `confirmed_at`) VALUES (14, 14, 4, '2019-09-17 19:31:08', '2020-02-07 21:10:50');
INSERT INTO `friendship` (`user_id`, `friend_id`, `status_id`, `requested_at`, `confirmed_at`) VALUES (15, 15, 5, '2019-06-15 06:48:34', '2020-02-09 07:03:22');
INSERT INTO `friendship` (`user_id`, `friend_id`, `status_id`, `requested_at`, `confirmed_at`) VALUES (16, 16, 6, '2019-09-17 11:29:11', '2019-07-22 10:22:18');
INSERT INTO `friendship` (`user_id`, `friend_id`, `status_id`, `requested_at`, `confirmed_at`) VALUES (17, 17, 7, '2019-08-28 21:49:18', '2019-07-26 00:46:52');
INSERT INTO `friendship` (`user_id`, `friend_id`, `status_id`, `requested_at`, `confirmed_at`) VALUES (18, 18, 8, '2019-08-17 09:03:30', '2019-11-15 11:06:05');
INSERT INTO `friendship` (`user_id`, `friend_id`, `status_id`, `requested_at`, `confirmed_at`) VALUES (19, 19, 9, '2019-07-25 16:13:40', '2020-03-18 18:12:17');
INSERT INTO `friendship` (`user_id`, `friend_id`, `status_id`, `requested_at`, `confirmed_at`) VALUES (20, 20, 10, '2019-11-15 08:02:46', '2019-06-28 19:26:59');
INSERT INTO `friendship` (`user_id`, `friend_id`, `status_id`, `requested_at`, `confirmed_at`) VALUES (21, 21, 1, '2019-05-16 02:29:35', '2019-11-14 16:05:35');
INSERT INTO `friendship` (`user_id`, `friend_id`, `status_id`, `requested_at`, `confirmed_at`) VALUES (22, 22, 2, '2020-02-25 12:26:46', '2019-12-19 20:17:41');
INSERT INTO `friendship` (`user_id`, `friend_id`, `status_id`, `requested_at`, `confirmed_at`) VALUES (23, 23, 3, '2019-11-04 23:53:56', '2019-07-31 07:00:47');
INSERT INTO `friendship` (`user_id`, `friend_id`, `status_id`, `requested_at`, `confirmed_at`) VALUES (24, 24, 4, '2019-10-10 16:20:46', '2020-01-14 10:24:07');
INSERT INTO `friendship` (`user_id`, `friend_id`, `status_id`, `requested_at`, `confirmed_at`) VALUES (25, 25, 5, '2019-08-02 00:38:40', '2019-10-28 02:14:15');
INSERT INTO `friendship` (`user_id`, `friend_id`, `status_id`, `requested_at`, `confirmed_at`) VALUES (26, 26, 6, '2019-12-05 11:17:59', '2019-05-24 00:17:31');
INSERT INTO `friendship` (`user_id`, `friend_id`, `status_id`, `requested_at`, `confirmed_at`) VALUES (27, 27, 7, '2020-01-01 19:38:53', '2019-12-11 14:59:30');
INSERT INTO `friendship` (`user_id`, `friend_id`, `status_id`, `requested_at`, `confirmed_at`) VALUES (28, 28, 8, '2020-01-28 12:30:40', '2020-02-24 08:10:49');
INSERT INTO `friendship` (`user_id`, `friend_id`, `status_id`, `requested_at`, `confirmed_at`) VALUES (29, 29, 9, '2019-12-11 03:30:55', '2020-01-19 21:31:54');
INSERT INTO `friendship` (`user_id`, `friend_id`, `status_id`, `requested_at`, `confirmed_at`) VALUES (30, 30, 10, '2019-04-11 15:12:54', '2019-10-12 18:27:50');
INSERT INTO `friendship` (`user_id`, `friend_id`, `status_id`, `requested_at`, `confirmed_at`) VALUES (31, 31, 1, '2019-04-18 16:10:26', '2019-08-20 01:44:06');
INSERT INTO `friendship` (`user_id`, `friend_id`, `status_id`, `requested_at`, `confirmed_at`) VALUES (32, 32, 2, '2019-07-20 02:24:17', '2019-10-27 08:17:41');
INSERT INTO `friendship` (`user_id`, `friend_id`, `status_id`, `requested_at`, `confirmed_at`) VALUES (33, 33, 3, '2020-03-17 21:35:57', '2019-08-18 18:23:40');
INSERT INTO `friendship` (`user_id`, `friend_id`, `status_id`, `requested_at`, `confirmed_at`) VALUES (34, 34, 4, '2019-09-25 00:15:25', '2019-09-01 22:48:50');
INSERT INTO `friendship` (`user_id`, `friend_id`, `status_id`, `requested_at`, `confirmed_at`) VALUES (35, 35, 5, '2019-11-06 18:44:12', '2019-09-07 08:59:29');
INSERT INTO `friendship` (`user_id`, `friend_id`, `status_id`, `requested_at`, `confirmed_at`) VALUES (36, 36, 6, '2019-06-23 14:29:13', '2019-09-13 14:50:52');
INSERT INTO `friendship` (`user_id`, `friend_id`, `status_id`, `requested_at`, `confirmed_at`) VALUES (37, 37, 7, '2020-02-29 05:01:57', '2019-08-22 14:45:19');
INSERT INTO `friendship` (`user_id`, `friend_id`, `status_id`, `requested_at`, `confirmed_at`) VALUES (38, 38, 8, '2020-01-16 12:54:41', '2020-01-07 09:20:56');
INSERT INTO `friendship` (`user_id`, `friend_id`, `status_id`, `requested_at`, `confirmed_at`) VALUES (39, 39, 9, '2019-12-27 17:59:15', '2019-07-13 06:20:25');
INSERT INTO `friendship` (`user_id`, `friend_id`, `status_id`, `requested_at`, `confirmed_at`) VALUES (40, 40, 10, '2019-08-09 11:21:11', '2020-03-21 04:34:18');
INSERT INTO `friendship` (`user_id`, `friend_id`, `status_id`, `requested_at`, `confirmed_at`) VALUES (41, 41, 1, '2020-03-17 20:57:51', '2019-10-02 12:53:52');
INSERT INTO `friendship` (`user_id`, `friend_id`, `status_id`, `requested_at`, `confirmed_at`) VALUES (42, 42, 2, '2019-12-31 05:11:36', '2020-01-05 13:54:34');
INSERT INTO `friendship` (`user_id`, `friend_id`, `status_id`, `requested_at`, `confirmed_at`) VALUES (43, 43, 3, '2019-07-10 20:36:14', '2020-03-29 19:40:41');
INSERT INTO `friendship` (`user_id`, `friend_id`, `status_id`, `requested_at`, `confirmed_at`) VALUES (44, 44, 4, '2019-08-17 16:53:41', '2019-10-20 16:02:09');
INSERT INTO `friendship` (`user_id`, `friend_id`, `status_id`, `requested_at`, `confirmed_at`) VALUES (45, 45, 5, '2020-03-15 05:42:54', '2019-09-28 06:20:29');
INSERT INTO `friendship` (`user_id`, `friend_id`, `status_id`, `requested_at`, `confirmed_at`) VALUES (46, 46, 6, '2019-05-04 17:46:56', '2019-12-29 17:26:54');
INSERT INTO `friendship` (`user_id`, `friend_id`, `status_id`, `requested_at`, `confirmed_at`) VALUES (47, 47, 7, '2019-10-30 00:03:34', '2020-01-13 02:49:32');
INSERT INTO `friendship` (`user_id`, `friend_id`, `status_id`, `requested_at`, `confirmed_at`) VALUES (48, 48, 8, '2020-03-09 03:10:14', '2019-08-22 02:15:15');
INSERT INTO `friendship` (`user_id`, `friend_id`, `status_id`, `requested_at`, `confirmed_at`) VALUES (49, 49, 9, '2019-06-22 20:33:41', '2019-09-14 05:45:58');
INSERT INTO `friendship` (`user_id`, `friend_id`, `status_id`, `requested_at`, `confirmed_at`) VALUES (50, 50, 10, '2019-04-19 18:52:57', '2020-01-21 02:44:44');
INSERT INTO `friendship` (`user_id`, `friend_id`, `status_id`, `requested_at`, `confirmed_at`) VALUES (51, 51, 1, '2020-01-20 19:16:22', '2020-03-26 02:31:44');
INSERT INTO `friendship` (`user_id`, `friend_id`, `status_id`, `requested_at`, `confirmed_at`) VALUES (52, 52, 2, '2020-02-17 15:14:31', '2019-06-04 18:21:59');
INSERT INTO `friendship` (`user_id`, `friend_id`, `status_id`, `requested_at`, `confirmed_at`) VALUES (53, 53, 3, '2019-06-10 13:46:42', '2019-06-27 10:48:31');
INSERT INTO `friendship` (`user_id`, `friend_id`, `status_id`, `requested_at`, `confirmed_at`) VALUES (54, 54, 4, '2019-08-28 20:58:44', '2019-06-25 04:00:42');
INSERT INTO `friendship` (`user_id`, `friend_id`, `status_id`, `requested_at`, `confirmed_at`) VALUES (55, 55, 5, '2019-12-14 14:56:20', '2019-05-10 21:53:40');
INSERT INTO `friendship` (`user_id`, `friend_id`, `status_id`, `requested_at`, `confirmed_at`) VALUES (56, 56, 6, '2019-12-22 02:48:23', '2019-08-21 17:40:55');
INSERT INTO `friendship` (`user_id`, `friend_id`, `status_id`, `requested_at`, `confirmed_at`) VALUES (57, 57, 7, '2019-12-17 19:59:51', '2020-02-16 17:03:37');
INSERT INTO `friendship` (`user_id`, `friend_id`, `status_id`, `requested_at`, `confirmed_at`) VALUES (58, 58, 8, '2019-04-05 16:04:44', '2019-08-16 06:36:54');
INSERT INTO `friendship` (`user_id`, `friend_id`, `status_id`, `requested_at`, `confirmed_at`) VALUES (59, 59, 9, '2020-02-11 10:16:27', '2019-04-26 12:42:01');
INSERT INTO `friendship` (`user_id`, `friend_id`, `status_id`, `requested_at`, `confirmed_at`) VALUES (60, 60, 10, '2019-11-30 03:11:17', '2019-05-09 05:26:19');
INSERT INTO `friendship` (`user_id`, `friend_id`, `status_id`, `requested_at`, `confirmed_at`) VALUES (61, 61, 1, '2019-04-14 16:27:53', '2020-03-03 11:51:12');
INSERT INTO `friendship` (`user_id`, `friend_id`, `status_id`, `requested_at`, `confirmed_at`) VALUES (62, 62, 2, '2019-06-04 18:17:34', '2019-12-08 23:01:30');
INSERT INTO `friendship` (`user_id`, `friend_id`, `status_id`, `requested_at`, `confirmed_at`) VALUES (63, 63, 3, '2019-05-26 23:41:30', '2020-02-17 18:22:06');
INSERT INTO `friendship` (`user_id`, `friend_id`, `status_id`, `requested_at`, `confirmed_at`) VALUES (64, 64, 4, '2019-10-21 02:45:49', '2019-12-25 21:20:44');
INSERT INTO `friendship` (`user_id`, `friend_id`, `status_id`, `requested_at`, `confirmed_at`) VALUES (65, 65, 5, '2019-09-02 16:43:03', '2019-12-08 18:28:18');
INSERT INTO `friendship` (`user_id`, `friend_id`, `status_id`, `requested_at`, `confirmed_at`) VALUES (66, 66, 6, '2020-01-14 17:06:06', '2019-05-29 23:18:58');
INSERT INTO `friendship` (`user_id`, `friend_id`, `status_id`, `requested_at`, `confirmed_at`) VALUES (67, 67, 7, '2020-01-10 08:41:21', '2019-06-03 11:10:34');
INSERT INTO `friendship` (`user_id`, `friend_id`, `status_id`, `requested_at`, `confirmed_at`) VALUES (68, 68, 8, '2020-01-02 17:52:02', '2020-02-16 06:35:57');
INSERT INTO `friendship` (`user_id`, `friend_id`, `status_id`, `requested_at`, `confirmed_at`) VALUES (69, 69, 9, '2020-01-22 00:13:31', '2020-03-11 09:34:03');
INSERT INTO `friendship` (`user_id`, `friend_id`, `status_id`, `requested_at`, `confirmed_at`) VALUES (70, 70, 10, '2019-12-07 14:34:22', '2019-06-30 19:49:20');
INSERT INTO `friendship` (`user_id`, `friend_id`, `status_id`, `requested_at`, `confirmed_at`) VALUES (71, 71, 1, '2019-11-15 17:30:35', '2019-04-29 20:16:13');
INSERT INTO `friendship` (`user_id`, `friend_id`, `status_id`, `requested_at`, `confirmed_at`) VALUES (72, 72, 2, '2019-12-15 23:07:16', '2020-01-11 02:42:51');
INSERT INTO `friendship` (`user_id`, `friend_id`, `status_id`, `requested_at`, `confirmed_at`) VALUES (73, 73, 3, '2019-06-25 07:20:16', '2020-03-06 06:24:34');
INSERT INTO `friendship` (`user_id`, `friend_id`, `status_id`, `requested_at`, `confirmed_at`) VALUES (74, 74, 4, '2020-03-23 15:35:37', '2020-03-17 12:29:25');
INSERT INTO `friendship` (`user_id`, `friend_id`, `status_id`, `requested_at`, `confirmed_at`) VALUES (75, 75, 5, '2020-03-22 11:08:54', '2019-12-13 16:56:57');
INSERT INTO `friendship` (`user_id`, `friend_id`, `status_id`, `requested_at`, `confirmed_at`) VALUES (76, 76, 6, '2020-03-03 07:52:48', '2019-10-22 16:10:37');
INSERT INTO `friendship` (`user_id`, `friend_id`, `status_id`, `requested_at`, `confirmed_at`) VALUES (77, 77, 7, '2019-08-14 15:55:47', '2019-07-15 23:39:29');
INSERT INTO `friendship` (`user_id`, `friend_id`, `status_id`, `requested_at`, `confirmed_at`) VALUES (78, 78, 8, '2019-05-10 23:21:03', '2019-12-02 18:09:20');
INSERT INTO `friendship` (`user_id`, `friend_id`, `status_id`, `requested_at`, `confirmed_at`) VALUES (79, 79, 9, '2019-06-27 21:31:25', '2019-04-13 07:08:23');
INSERT INTO `friendship` (`user_id`, `friend_id`, `status_id`, `requested_at`, `confirmed_at`) VALUES (80, 80, 10, '2019-10-13 03:30:47', '2019-08-25 07:48:02');
INSERT INTO `friendship` (`user_id`, `friend_id`, `status_id`, `requested_at`, `confirmed_at`) VALUES (81, 81, 1, '2019-06-19 06:06:31', '2019-07-25 17:57:09');
INSERT INTO `friendship` (`user_id`, `friend_id`, `status_id`, `requested_at`, `confirmed_at`) VALUES (82, 82, 2, '2020-02-22 21:39:47', '2019-11-02 03:25:05');
INSERT INTO `friendship` (`user_id`, `friend_id`, `status_id`, `requested_at`, `confirmed_at`) VALUES (83, 83, 3, '2019-11-15 01:02:51', '2020-03-07 22:04:07');
INSERT INTO `friendship` (`user_id`, `friend_id`, `status_id`, `requested_at`, `confirmed_at`) VALUES (84, 84, 4, '2019-12-19 00:21:03', '2020-02-25 01:56:48');
INSERT INTO `friendship` (`user_id`, `friend_id`, `status_id`, `requested_at`, `confirmed_at`) VALUES (85, 85, 5, '2019-07-18 11:43:57', '2019-06-26 01:21:13');
INSERT INTO `friendship` (`user_id`, `friend_id`, `status_id`, `requested_at`, `confirmed_at`) VALUES (86, 86, 6, '2019-10-07 10:06:19', '2019-09-28 08:15:23');
INSERT INTO `friendship` (`user_id`, `friend_id`, `status_id`, `requested_at`, `confirmed_at`) VALUES (87, 87, 7, '2019-05-19 18:54:41', '2019-07-19 09:07:03');
INSERT INTO `friendship` (`user_id`, `friend_id`, `status_id`, `requested_at`, `confirmed_at`) VALUES (88, 88, 8, '2019-11-04 21:58:55', '2019-12-04 19:42:47');
INSERT INTO `friendship` (`user_id`, `friend_id`, `status_id`, `requested_at`, `confirmed_at`) VALUES (89, 89, 9, '2019-09-17 03:55:46', '2019-08-18 00:00:09');
INSERT INTO `friendship` (`user_id`, `friend_id`, `status_id`, `requested_at`, `confirmed_at`) VALUES (90, 90, 10, '2019-09-24 01:18:07', '2019-07-12 08:53:43');
INSERT INTO `friendship` (`user_id`, `friend_id`, `status_id`, `requested_at`, `confirmed_at`) VALUES (91, 91, 1, '2019-09-22 14:27:47', '2019-03-31 05:37:14');
INSERT INTO `friendship` (`user_id`, `friend_id`, `status_id`, `requested_at`, `confirmed_at`) VALUES (92, 92, 2, '2020-01-15 00:06:55', '2020-02-25 19:02:48');
INSERT INTO `friendship` (`user_id`, `friend_id`, `status_id`, `requested_at`, `confirmed_at`) VALUES (93, 93, 3, '2020-03-22 01:24:17', '2019-09-19 20:20:12');
INSERT INTO `friendship` (`user_id`, `friend_id`, `status_id`, `requested_at`, `confirmed_at`) VALUES (94, 94, 4, '2019-07-14 18:44:09', '2019-08-06 18:43:42');
INSERT INTO `friendship` (`user_id`, `friend_id`, `status_id`, `requested_at`, `confirmed_at`) VALUES (95, 95, 5, '2019-07-19 11:30:59', '2020-01-20 00:41:21');
INSERT INTO `friendship` (`user_id`, `friend_id`, `status_id`, `requested_at`, `confirmed_at`) VALUES (96, 96, 6, '2020-01-21 23:22:18', '2019-09-25 02:17:20');
INSERT INTO `friendship` (`user_id`, `friend_id`, `status_id`, `requested_at`, `confirmed_at`) VALUES (97, 97, 7, '2019-05-15 21:55:04', '2019-03-31 15:41:06');
INSERT INTO `friendship` (`user_id`, `friend_id`, `status_id`, `requested_at`, `confirmed_at`) VALUES (98, 98, 8, '2019-08-01 05:26:02', '2019-05-09 06:52:27');
INSERT INTO `friendship` (`user_id`, `friend_id`, `status_id`, `requested_at`, `confirmed_at`) VALUES (99, 99, 9, '2020-02-11 10:11:44', '2019-12-03 23:42:11');
INSERT INTO `friendship` (`user_id`, `friend_id`, `status_id`, `requested_at`, `confirmed_at`) VALUES (100, 100, 10, '2019-10-07 19:35:53', '2019-08-29 23:42:04');


#
# TABLE STRUCTURE FOR: friendship_statuses
#

DROP TABLE IF EXISTS `friendship_statuses`;

CREATE TABLE `friendship_statuses` (
  `id` int(10) unsigned NOT NULL AUTO_INCREMENT,
  `name` varchar(150) COLLATE utf8_unicode_ci NOT NULL,
  PRIMARY KEY (`id`),
  UNIQUE KEY `name` (`name`)
) ENGINE=InnoDB AUTO_INCREMENT=11 DEFAULT CHARSET=utf8 COLLATE=utf8_unicode_ci;

INSERT INTO `friendship_statuses` (`id`, `name`) VALUES (3, 'aut');
INSERT INTO `friendship_statuses` (`id`, `name`) VALUES (4, 'et');
INSERT INTO `friendship_statuses` (`id`, `name`) VALUES (9, 'facilis');
INSERT INTO `friendship_statuses` (`id`, `name`) VALUES (8, 'laboriosam');
INSERT INTO `friendship_statuses` (`id`, `name`) VALUES (2, 'quas');
INSERT INTO `friendship_statuses` (`id`, `name`) VALUES (7, 'quia');
INSERT INTO `friendship_statuses` (`id`, `name`) VALUES (5, 'quidem');
INSERT INTO `friendship_statuses` (`id`, `name`) VALUES (1, 'quod');
INSERT INTO `friendship_statuses` (`id`, `name`) VALUES (10, 'sit');
INSERT INTO `friendship_statuses` (`id`, `name`) VALUES (6, 'vel');


#
# TABLE STRUCTURE FOR: media
#

DROP TABLE IF EXISTS `media`;

CREATE TABLE `media` (
  `id` int(10) unsigned NOT NULL AUTO_INCREMENT,
  `media_type_id` int(10) unsigned NOT NULL,
  `user_id` int(10) unsigned NOT NULL,
  `filename` varchar(255) COLLATE utf8_unicode_ci NOT NULL,
  `size` int(11) NOT NULL,
  `metadata` longtext CHARACTER SET utf8mb4 COLLATE utf8mb4_bin DEFAULT NULL,
  `created_at` datetime DEFAULT current_timestamp(),
  `updated_at` datetime DEFAULT current_timestamp() ON UPDATE current_timestamp(),
  PRIMARY KEY (`id`)
) ENGINE=InnoDB AUTO_INCREMENT=51 DEFAULT CHARSET=utf8 COLLATE=utf8_unicode_ci;

INSERT INTO `media` (`id`, `media_type_id`, `user_id`, `filename`, `size`, `metadata`, `created_at`, `updated_at`) VALUES (1, 1, 1, 'distinctio', 968636837, 'application/vnd.ufdl', '2019-08-05 23:23:12', '2019-07-15 06:56:14');
INSERT INTO `media` (`id`, `media_type_id`, `user_id`, `filename`, `size`, `metadata`, `created_at`, `updated_at`) VALUES (2, 2, 2, 'repudiandae', 3816799, 'application/vnd.shana.informed.interchange', '2019-07-25 18:40:07', '2020-02-05 20:10:53');
INSERT INTO `media` (`id`, `media_type_id`, `user_id`, `filename`, `size`, `metadata`, `created_at`, `updated_at`) VALUES (3, 3, 3, 'dolorum', 31289410, 'application/vnd.ms-powerpoint', '2019-04-24 05:57:28', '2019-08-28 06:04:43');
INSERT INTO `media` (`id`, `media_type_id`, `user_id`, `filename`, `size`, `metadata`, `created_at`, `updated_at`) VALUES (4, 4, 4, 'pariatur', 3570722, 'application/x-install-instructions', '2019-11-12 00:14:58', '2019-10-28 03:38:28');
INSERT INTO `media` (`id`, `media_type_id`, `user_id`, `filename`, `size`, `metadata`, `created_at`, `updated_at`) VALUES (5, 5, 5, 'rerum', 188, 'application/x-iso9660-image', '2019-08-17 15:55:48', '2019-10-04 08:50:31');
INSERT INTO `media` (`id`, `media_type_id`, `user_id`, `filename`, `size`, `metadata`, `created_at`, `updated_at`) VALUES (6, 6, 6, 'voluptatem', 381, 'application/octet-stream', '2019-07-09 05:37:07', '2019-12-11 12:08:20');
INSERT INTO `media` (`id`, `media_type_id`, `user_id`, `filename`, `size`, `metadata`, `created_at`, `updated_at`) VALUES (7, 7, 7, 'rerum', 202131, 'video/vnd.uvvu.mp4', '2019-05-25 03:06:05', '2019-11-28 00:00:00');
INSERT INTO `media` (`id`, `media_type_id`, `user_id`, `filename`, `size`, `metadata`, `created_at`, `updated_at`) VALUES (8, 8, 8, 'blanditiis', 35, 'audio/x-matroska', '2019-09-13 08:04:34', '2020-02-14 11:48:54');
INSERT INTO `media` (`id`, `media_type_id`, `user_id`, `filename`, `size`, `metadata`, `created_at`, `updated_at`) VALUES (9, 9, 9, 'officia', 996431083, 'model/x3d+xml', '2019-12-24 11:54:23', '2019-08-21 05:12:30');
INSERT INTO `media` (`id`, `media_type_id`, `user_id`, `filename`, `size`, `metadata`, `created_at`, `updated_at`) VALUES (10, 10, 10, 'nesciunt', 26, 'application/vnd.sun.xml.writer', '2019-09-02 13:57:49', '2020-03-10 08:42:10');
INSERT INTO `media` (`id`, `media_type_id`, `user_id`, `filename`, `size`, `metadata`, `created_at`, `updated_at`) VALUES (11, 11, 11, 'molestiae', 40, 'application/vnd.oasis.opendocument.text', '2019-10-16 21:32:42', '2020-02-03 05:20:04');
INSERT INTO `media` (`id`, `media_type_id`, `user_id`, `filename`, `size`, `metadata`, `created_at`, `updated_at`) VALUES (12, 12, 12, 'quia', 37463, 'audio/webm', '2019-05-14 07:14:00', '2019-07-11 07:22:32');
INSERT INTO `media` (`id`, `media_type_id`, `user_id`, `filename`, `size`, `metadata`, `created_at`, `updated_at`) VALUES (13, 13, 13, 'ratione', 0, 'application/vnd.oasis.opendocument.graphics', '2019-08-09 19:03:51', '2019-05-19 03:44:24');
INSERT INTO `media` (`id`, `media_type_id`, `user_id`, `filename`, `size`, `metadata`, `created_at`, `updated_at`) VALUES (14, 14, 14, 'reiciendis', 3, 'application/vnd.fdsn.seed', '2019-11-26 07:48:08', '2019-04-17 04:51:29');
INSERT INTO `media` (`id`, `media_type_id`, `user_id`, `filename`, `size`, `metadata`, `created_at`, `updated_at`) VALUES (15, 15, 15, 'blanditiis', 3, 'application/x-mie', '2019-09-29 07:08:22', '2019-06-11 14:35:45');
INSERT INTO `media` (`id`, `media_type_id`, `user_id`, `filename`, `size`, `metadata`, `created_at`, `updated_at`) VALUES (16, 16, 16, 'animi', 481374151, 'application/vnd.ms-pki.seccat', '2020-01-15 16:11:40', '2019-07-05 19:35:10');
INSERT INTO `media` (`id`, `media_type_id`, `user_id`, `filename`, `size`, `metadata`, `created_at`, `updated_at`) VALUES (17, 17, 17, 'ipsa', 0, 'application/vnd.stepmania.stepchart', '2019-11-27 12:47:10', '2019-12-03 23:40:43');
INSERT INTO `media` (`id`, `media_type_id`, `user_id`, `filename`, `size`, `metadata`, `created_at`, `updated_at`) VALUES (18, 18, 18, 'quibusdam', 569787822, 'text/x-asm', '2019-09-19 22:07:02', '2019-10-02 11:38:05');
INSERT INTO `media` (`id`, `media_type_id`, `user_id`, `filename`, `size`, `metadata`, `created_at`, `updated_at`) VALUES (19, 19, 19, 'aut', 990347, 'application/x-ms-wmd', '2019-07-16 12:07:09', '2020-02-29 11:21:02');
INSERT INTO `media` (`id`, `media_type_id`, `user_id`, `filename`, `size`, `metadata`, `created_at`, `updated_at`) VALUES (20, 20, 20, 'error', 59, 'image/sgi', '2019-06-17 12:33:25', '2019-10-20 08:50:25');
INSERT INTO `media` (`id`, `media_type_id`, `user_id`, `filename`, `size`, `metadata`, `created_at`, `updated_at`) VALUES (21, 1, 21, 'sed', 296053, 'application/xaml+xml', '2019-09-08 18:21:21', '2020-01-28 18:52:06');
INSERT INTO `media` (`id`, `media_type_id`, `user_id`, `filename`, `size`, `metadata`, `created_at`, `updated_at`) VALUES (22, 2, 22, 'excepturi', 885, 'application/yang', '2020-03-22 22:03:26', '2020-03-27 08:28:32');
INSERT INTO `media` (`id`, `media_type_id`, `user_id`, `filename`, `size`, `metadata`, `created_at`, `updated_at`) VALUES (23, 3, 23, 'id', 9, 'application/x-debian-package', '2019-07-01 23:39:30', '2019-06-04 20:49:03');
INSERT INTO `media` (`id`, `media_type_id`, `user_id`, `filename`, `size`, `metadata`, `created_at`, `updated_at`) VALUES (24, 4, 24, 'in', 121805940, 'application/x-gramps-xml', '2020-01-15 04:16:46', '2019-08-26 12:02:31');
INSERT INTO `media` (`id`, `media_type_id`, `user_id`, `filename`, `size`, `metadata`, `created_at`, `updated_at`) VALUES (25, 5, 25, 'id', 225326663, 'application/vnd.sun.xml.draw.template', '2020-02-22 18:55:07', '2019-04-16 23:46:50');
INSERT INTO `media` (`id`, `media_type_id`, `user_id`, `filename`, `size`, `metadata`, `created_at`, `updated_at`) VALUES (26, 6, 26, 'voluptas', 48, 'image/x-portable-anymap', '2019-08-02 11:13:00', '2020-03-22 05:36:19');
INSERT INTO `media` (`id`, `media_type_id`, `user_id`, `filename`, `size`, `metadata`, `created_at`, `updated_at`) VALUES (27, 7, 27, 'quaerat', 8, 'image/x-portable-graymap', '2019-09-04 12:17:15', '2019-07-24 11:00:39');
INSERT INTO `media` (`id`, `media_type_id`, `user_id`, `filename`, `size`, `metadata`, `created_at`, `updated_at`) VALUES (28, 8, 28, 'sapiente', 91460908, 'application/vnd.oasis.opendocument.image', '2019-07-30 10:35:25', '2020-02-08 15:13:55');
INSERT INTO `media` (`id`, `media_type_id`, `user_id`, `filename`, `size`, `metadata`, `created_at`, `updated_at`) VALUES (29, 9, 29, 'ut', 694152, 'image/ktx', '2019-08-10 08:42:21', '2020-03-13 00:58:22');
INSERT INTO `media` (`id`, `media_type_id`, `user_id`, `filename`, `size`, `metadata`, `created_at`, `updated_at`) VALUES (30, 10, 30, 'sed', 568, 'application/xslt+xml', '2020-02-14 08:27:59', '2019-09-18 03:27:13');
INSERT INTO `media` (`id`, `media_type_id`, `user_id`, `filename`, `size`, `metadata`, `created_at`, `updated_at`) VALUES (31, 11, 31, 'quis', 588151327, 'text/x-pascal', '2019-08-26 19:18:03', '2019-05-11 15:38:58');
INSERT INTO `media` (`id`, `media_type_id`, `user_id`, `filename`, `size`, `metadata`, `created_at`, `updated_at`) VALUES (32, 12, 32, 'perspiciatis', 6, 'application/x-x509-ca-cert', '2019-11-26 22:32:41', '2020-02-04 14:23:57');
INSERT INTO `media` (`id`, `media_type_id`, `user_id`, `filename`, `size`, `metadata`, `created_at`, `updated_at`) VALUES (33, 13, 33, 'aliquid', 7, 'application/vnd.realvnc.bed', '2019-12-05 23:57:29', '2020-02-17 00:18:14');
INSERT INTO `media` (`id`, `media_type_id`, `user_id`, `filename`, `size`, `metadata`, `created_at`, `updated_at`) VALUES (34, 14, 34, 'unde', 97, 'application/vnd.oasis.opendocument.presentation', '2019-04-06 05:04:42', '2019-04-25 15:20:22');
INSERT INTO `media` (`id`, `media_type_id`, `user_id`, `filename`, `size`, `metadata`, `created_at`, `updated_at`) VALUES (35, 15, 35, 'ullam', 963, 'video/x-fli', '2019-04-13 14:55:58', '2019-04-06 20:49:11');
INSERT INTO `media` (`id`, `media_type_id`, `user_id`, `filename`, `size`, `metadata`, `created_at`, `updated_at`) VALUES (36, 16, 36, 'iusto', 76, 'text/x-setext', '2019-10-04 02:18:04', '2020-01-30 15:03:27');
INSERT INTO `media` (`id`, `media_type_id`, `user_id`, `filename`, `size`, `metadata`, `created_at`, `updated_at`) VALUES (37, 17, 37, 'voluptate', 5731, 'application/x-msbinder', '2019-08-18 03:55:50', '2019-06-06 20:42:46');
INSERT INTO `media` (`id`, `media_type_id`, `user_id`, `filename`, `size`, `metadata`, `created_at`, `updated_at`) VALUES (38, 18, 38, 'voluptas', 40330863, 'application/vnd.oasis.opendocument.image-template', '2020-01-21 06:23:06', '2020-03-26 04:55:55');
INSERT INTO `media` (`id`, `media_type_id`, `user_id`, `filename`, `size`, `metadata`, `created_at`, `updated_at`) VALUES (39, 19, 39, 'molestias', 165783501, 'video/x-sgi-movie', '2019-08-08 03:13:39', '2019-06-30 21:43:04');
INSERT INTO `media` (`id`, `media_type_id`, `user_id`, `filename`, `size`, `metadata`, `created_at`, `updated_at`) VALUES (40, 20, 40, 'perferendis', 699, 'message/rfc822', '2019-09-20 08:58:56', '2019-08-21 01:19:45');
INSERT INTO `media` (`id`, `media_type_id`, `user_id`, `filename`, `size`, `metadata`, `created_at`, `updated_at`) VALUES (41, 1, 41, 'cupiditate', 0, 'video/mp4', '2020-03-18 19:18:07', '2020-02-13 05:24:37');
INSERT INTO `media` (`id`, `media_type_id`, `user_id`, `filename`, `size`, `metadata`, `created_at`, `updated_at`) VALUES (42, 2, 42, 'quasi', 937580395, 'application/vnd.recordare.musicxml', '2019-04-09 13:54:02', '2019-08-31 20:12:17');
INSERT INTO `media` (`id`, `media_type_id`, `user_id`, `filename`, `size`, `metadata`, `created_at`, `updated_at`) VALUES (43, 3, 43, 'adipisci', 60658, 'application/x-bittorrent', '2019-11-10 22:09:12', '2019-04-06 00:44:21');
INSERT INTO `media` (`id`, `media_type_id`, `user_id`, `filename`, `size`, `metadata`, `created_at`, `updated_at`) VALUES (44, 4, 44, 'assumenda', 954, 'application/x-bittorrent', '2020-03-29 22:02:30', '2019-04-12 12:33:38');
INSERT INTO `media` (`id`, `media_type_id`, `user_id`, `filename`, `size`, `metadata`, `created_at`, `updated_at`) VALUES (45, 5, 45, 'enim', 895810, 'application/vnd.kenameaapp', '2020-01-04 17:55:17', '2020-03-12 16:30:39');
INSERT INTO `media` (`id`, `media_type_id`, `user_id`, `filename`, `size`, `metadata`, `created_at`, `updated_at`) VALUES (46, 6, 46, 'laborum', 666295, 'application/x-gtar', '2019-12-09 07:13:06', '2019-07-03 22:48:26');
INSERT INTO `media` (`id`, `media_type_id`, `user_id`, `filename`, `size`, `metadata`, `created_at`, `updated_at`) VALUES (47, 7, 47, 'cum', 126860055, 'application/vnd.sus-calendar', '2019-04-18 10:47:02', '2020-02-03 02:46:56');
INSERT INTO `media` (`id`, `media_type_id`, `user_id`, `filename`, `size`, `metadata`, `created_at`, `updated_at`) VALUES (48, 8, 48, 'eos', 66643724, 'application/x-cpio', '2019-09-04 15:52:40', '2019-04-28 15:42:34');
INSERT INTO `media` (`id`, `media_type_id`, `user_id`, `filename`, `size`, `metadata`, `created_at`, `updated_at`) VALUES (49, 9, 49, 'dolores', 23, 'model/vnd.gtw', '2020-03-19 07:47:38', '2020-01-05 04:38:06');
INSERT INTO `media` (`id`, `media_type_id`, `user_id`, `filename`, `size`, `metadata`, `created_at`, `updated_at`) VALUES (50, 10, 50, 'libero', 652, 'application/java-vm', '2020-01-06 07:26:49', '2020-03-06 06:46:49');


#
# TABLE STRUCTURE FOR: media_types
#

DROP TABLE IF EXISTS `media_types`;

CREATE TABLE `media_types` (
  `id` int(10) unsigned NOT NULL AUTO_INCREMENT,
  `name` varchar(255) COLLATE utf8_unicode_ci NOT NULL,
  PRIMARY KEY (`id`),
  UNIQUE KEY `name` (`name`)
) ENGINE=InnoDB AUTO_INCREMENT=21 DEFAULT CHARSET=utf8 COLLATE=utf8_unicode_ci;

INSERT INTO `media_types` (`id`, `name`) VALUES (6, 'accusamus');
INSERT INTO `media_types` (`id`, `name`) VALUES (19, 'aperiam');
INSERT INTO `media_types` (`id`, `name`) VALUES (13, 'atque');
INSERT INTO `media_types` (`id`, `name`) VALUES (17, 'aut');
INSERT INTO `media_types` (`id`, `name`) VALUES (16, 'beatae');
INSERT INTO `media_types` (`id`, `name`) VALUES (4, 'deserunt');
INSERT INTO `media_types` (`id`, `name`) VALUES (18, 'dolor');
INSERT INTO `media_types` (`id`, `name`) VALUES (15, 'esse');
INSERT INTO `media_types` (`id`, `name`) VALUES (5, 'et');
INSERT INTO `media_types` (`id`, `name`) VALUES (10, 'itaque');
INSERT INTO `media_types` (`id`, `name`) VALUES (8, 'maiores');
INSERT INTO `media_types` (`id`, `name`) VALUES (2, 'neque');
INSERT INTO `media_types` (`id`, `name`) VALUES (11, 'nihil');
INSERT INTO `media_types` (`id`, `name`) VALUES (1, 'numquam');
INSERT INTO `media_types` (`id`, `name`) VALUES (9, 'omnis');
INSERT INTO `media_types` (`id`, `name`) VALUES (14, 'recusandae');
INSERT INTO `media_types` (`id`, `name`) VALUES (3, 'rem');
INSERT INTO `media_types` (`id`, `name`) VALUES (7, 'sequi');
INSERT INTO `media_types` (`id`, `name`) VALUES (12, 'ut');
INSERT INTO `media_types` (`id`, `name`) VALUES (20, 'voluptate');


#
# TABLE STRUCTURE FOR: messages
#

DROP TABLE IF EXISTS `messages`;

CREATE TABLE `messages` (
  `id` int(10) unsigned NOT NULL AUTO_INCREMENT,
  `from_user_id` int(10) unsigned NOT NULL,
  `to_user_id` int(10) unsigned NOT NULL,
  `body` text COLLATE utf8_unicode_ci NOT NULL,
  `is_important` tinyint(1) DEFAULT NULL,
  `is_delivered` tinyint(1) DEFAULT NULL,
  `created_at` datetime DEFAULT current_timestamp(),
  PRIMARY KEY (`id`)
) ENGINE=InnoDB AUTO_INCREMENT=101 DEFAULT CHARSET=utf8 COLLATE=utf8_unicode_ci;

INSERT INTO `messages` (`id`, `from_user_id`, `to_user_id`, `body`, `is_important`, `is_delivered`, `created_at`) VALUES (1, 1, 1, 'Enim est et aut ipsam sequi quis ut iste. Qui voluptas quae provident eum quia similique. Maiores accusamus fugiat nemo neque dolore.', 0, 0, '2020-01-24 15:42:06');
INSERT INTO `messages` (`id`, `from_user_id`, `to_user_id`, `body`, `is_important`, `is_delivered`, `created_at`) VALUES (2, 2, 2, 'Ipsum debitis voluptate qui minus autem omnis. Dolores animi et voluptas numquam quo. Dignissimos doloribus consequatur sint inventore dignissimos possimus quia magnam.', 1, 0, '2019-09-28 02:26:51');
INSERT INTO `messages` (`id`, `from_user_id`, `to_user_id`, `body`, `is_important`, `is_delivered`, `created_at`) VALUES (3, 3, 3, 'Ipsum debitis enim placeat ipsum. Expedita in est quia. Quia est voluptates maiores.', 1, 0, '2019-05-10 13:02:42');
INSERT INTO `messages` (`id`, `from_user_id`, `to_user_id`, `body`, `is_important`, `is_delivered`, `created_at`) VALUES (4, 4, 4, 'Dolorem sint dolores et eligendi voluptas. Eum molestiae est dolor eius cupiditate ex a rerum. Qui cum quia non asperiores doloremque dolorem necessitatibus.', 0, 1, '2020-01-31 08:39:26');
INSERT INTO `messages` (`id`, `from_user_id`, `to_user_id`, `body`, `is_important`, `is_delivered`, `created_at`) VALUES (5, 5, 5, 'Asperiores molestiae repellendus quisquam libero ea dolores. Voluptatem ut est doloremque ut sed sit quod itaque. Dolor ex praesentium quis nam rem iste.', 1, 0, '2019-09-26 19:48:04');
INSERT INTO `messages` (`id`, `from_user_id`, `to_user_id`, `body`, `is_important`, `is_delivered`, `created_at`) VALUES (6, 6, 6, 'Omnis possimus cum et rerum praesentium recusandae. Beatae officia et aut eos. In animi rerum ullam ut.', 0, 0, '2019-07-01 04:25:54');
INSERT INTO `messages` (`id`, `from_user_id`, `to_user_id`, `body`, `is_important`, `is_delivered`, `created_at`) VALUES (7, 7, 7, 'Officia aspernatur est sed nam facere dolorem at incidunt. Natus possimus tempore sint mollitia quod. Dolorem sunt animi similique quidem. Libero aperiam porro vel et tempora rem recusandae.', 0, 0, '2019-10-02 13:18:19');
INSERT INTO `messages` (`id`, `from_user_id`, `to_user_id`, `body`, `is_important`, `is_delivered`, `created_at`) VALUES (8, 8, 8, 'Asperiores distinctio accusantium qui nesciunt dolor ut aliquid. Minus ut asperiores voluptates facilis. Expedita voluptatem accusamus quasi odio voluptatem.', 0, 0, '2020-03-03 10:20:24');
INSERT INTO `messages` (`id`, `from_user_id`, `to_user_id`, `body`, `is_important`, `is_delivered`, `created_at`) VALUES (9, 9, 9, 'Quasi ullam a tempora quia qui quia sed explicabo. Facere necessitatibus ad quia dolorem exercitationem recusandae fugiat. Voluptas quod ea non qui voluptatem natus quasi. Facere velit maiores fugiat autem qui.', 0, 0, '2020-01-03 20:03:38');
INSERT INTO `messages` (`id`, `from_user_id`, `to_user_id`, `body`, `is_important`, `is_delivered`, `created_at`) VALUES (10, 10, 10, 'Necessitatibus sed repellendus ut nobis distinctio facere facere ab. Nostrum voluptas quaerat doloribus est. Ratione tenetur nihil architecto dolorem.', 0, 0, '2020-03-16 10:40:04');
INSERT INTO `messages` (`id`, `from_user_id`, `to_user_id`, `body`, `is_important`, `is_delivered`, `created_at`) VALUES (11, 11, 11, 'Assumenda illo tempore tenetur illum. Ea vel alias vero quis molestias neque porro. Voluptatem quos saepe iusto et.', 1, 0, '2019-10-18 06:49:30');
INSERT INTO `messages` (`id`, `from_user_id`, `to_user_id`, `body`, `is_important`, `is_delivered`, `created_at`) VALUES (12, 12, 12, 'Voluptates vel fugiat porro ea. Quis rerum at tempore dolorem reprehenderit ut. Eligendi voluptates consequatur harum labore nulla debitis.', 0, 1, '2019-09-06 15:18:31');
INSERT INTO `messages` (`id`, `from_user_id`, `to_user_id`, `body`, `is_important`, `is_delivered`, `created_at`) VALUES (13, 13, 13, 'Aspernatur voluptate inventore deleniti commodi nihil aliquid mollitia. Error explicabo quia dolorem est est et facere. Illum vel labore officia ipsa.', 0, 1, '2020-01-17 11:27:11');
INSERT INTO `messages` (`id`, `from_user_id`, `to_user_id`, `body`, `is_important`, `is_delivered`, `created_at`) VALUES (14, 14, 14, 'Iusto dicta est beatae architecto tempore aut exercitationem. A ipsum consectetur fuga tenetur quasi et possimus. Doloribus doloremque et quae consequatur. Omnis deserunt quos minima voluptatum est et accusantium.', 1, 0, '2019-07-19 17:16:07');
INSERT INTO `messages` (`id`, `from_user_id`, `to_user_id`, `body`, `is_important`, `is_delivered`, `created_at`) VALUES (15, 15, 15, 'Tempore voluptatem architecto ut officiis ducimus. Asperiores quod quisquam rem. Ea consequuntur non excepturi repellendus.', 0, 1, '2019-09-22 08:59:36');
INSERT INTO `messages` (`id`, `from_user_id`, `to_user_id`, `body`, `is_important`, `is_delivered`, `created_at`) VALUES (16, 16, 16, 'Non et ea eum et ratione tenetur. Est non quaerat ad qui est in aut. Est amet aut maxime corrupti.', 0, 0, '2019-08-21 10:59:30');
INSERT INTO `messages` (`id`, `from_user_id`, `to_user_id`, `body`, `is_important`, `is_delivered`, `created_at`) VALUES (17, 17, 17, 'Dolor fugit sapiente a voluptatem quis non. Et inventore rerum maiores laudantium est aperiam. Est explicabo ipsa sint quia. Tempore et omnis qui fuga optio aut dolore.', 1, 1, '2019-09-17 13:59:10');
INSERT INTO `messages` (`id`, `from_user_id`, `to_user_id`, `body`, `is_important`, `is_delivered`, `created_at`) VALUES (18, 18, 18, 'Possimus rem inventore natus et. Sit maxime ut optio animi qui aut. Est eos rerum et sequi magnam.', 1, 0, '2019-11-11 19:34:59');
INSERT INTO `messages` (`id`, `from_user_id`, `to_user_id`, `body`, `is_important`, `is_delivered`, `created_at`) VALUES (19, 19, 19, 'Omnis commodi assumenda qui est. Excepturi hic dolores et voluptatem consequatur aut vel. Aut sint ut sint cumque est aliquid sunt ea.', 0, 0, '2019-12-01 18:01:35');
INSERT INTO `messages` (`id`, `from_user_id`, `to_user_id`, `body`, `is_important`, `is_delivered`, `created_at`) VALUES (20, 20, 20, 'Assumenda quo corrupti tempore at ea incidunt. Qui porro quia non aut sunt. Quidem fuga eos delectus magni facilis aut.', 0, 0, '2019-09-12 01:18:18');
INSERT INTO `messages` (`id`, `from_user_id`, `to_user_id`, `body`, `is_important`, `is_delivered`, `created_at`) VALUES (21, 21, 21, 'Quo aut et deleniti qui praesentium natus. Aspernatur eveniet sed architecto corporis. Totam reprehenderit ratione aut magni commodi unde nemo. Aut est itaque sunt velit nostrum eveniet.', 0, 1, '2020-03-03 19:57:30');
INSERT INTO `messages` (`id`, `from_user_id`, `to_user_id`, `body`, `is_important`, `is_delivered`, `created_at`) VALUES (22, 22, 22, 'Pariatur qui soluta voluptatem. Neque natus doloremque voluptate sed quaerat. Necessitatibus sunt occaecati ad asperiores exercitationem. Vitae dolorem pariatur facere necessitatibus voluptates accusantium.', 0, 0, '2019-12-02 17:38:31');
INSERT INTO `messages` (`id`, `from_user_id`, `to_user_id`, `body`, `is_important`, `is_delivered`, `created_at`) VALUES (23, 23, 23, 'Doloremque consequuntur rerum enim nostrum eius. Dolorem sit quia nostrum facilis aliquam. Voluptas sit voluptas est numquam earum ipsum culpa id. Expedita architecto dicta iste laudantium.', 0, 1, '2019-08-14 23:38:27');
INSERT INTO `messages` (`id`, `from_user_id`, `to_user_id`, `body`, `is_important`, `is_delivered`, `created_at`) VALUES (24, 24, 24, 'Voluptas deserunt similique distinctio officiis. Sunt laudantium dolor et odio atque tempora totam.', 1, 0, '2019-04-28 02:15:35');
INSERT INTO `messages` (`id`, `from_user_id`, `to_user_id`, `body`, `is_important`, `is_delivered`, `created_at`) VALUES (25, 25, 25, 'Molestias molestiae atque eaque quaerat inventore fuga quia. Placeat dolore dignissimos cupiditate officiis quasi unde maiores. Voluptatem harum sunt alias voluptates reiciendis.', 1, 0, '2019-09-05 02:06:17');
INSERT INTO `messages` (`id`, `from_user_id`, `to_user_id`, `body`, `is_important`, `is_delivered`, `created_at`) VALUES (26, 26, 26, 'Aperiam et dolorem voluptatum molestiae. Quo vel est ut voluptates quisquam. Eum quia error nihil sunt ad odio. Maiores est saepe dolorem eius suscipit consequatur facere.', 1, 0, '2020-02-19 20:52:33');
INSERT INTO `messages` (`id`, `from_user_id`, `to_user_id`, `body`, `is_important`, `is_delivered`, `created_at`) VALUES (27, 27, 27, 'Et enim quod accusantium at. Suscipit molestias autem sapiente explicabo unde. Omnis dolore officiis illo aut.', 0, 1, '2019-09-12 01:29:42');
INSERT INTO `messages` (`id`, `from_user_id`, `to_user_id`, `body`, `is_important`, `is_delivered`, `created_at`) VALUES (28, 28, 28, 'Vel voluptatum voluptatem totam. Dolore aliquid iste est explicabo dolorum. Harum repudiandae quisquam in quae laboriosam aliquid dolorum. Numquam maiores sint similique et consequatur nihil.', 0, 1, '2019-05-10 06:16:31');
INSERT INTO `messages` (`id`, `from_user_id`, `to_user_id`, `body`, `is_important`, `is_delivered`, `created_at`) VALUES (29, 29, 29, 'Ex dignissimos quia corporis amet distinctio dolor. Rerum quia deserunt nihil repellat. Laborum odio est sint facilis laudantium. Placeat reprehenderit magni aliquam omnis similique maxime.', 0, 0, '2020-02-17 11:54:13');
INSERT INTO `messages` (`id`, `from_user_id`, `to_user_id`, `body`, `is_important`, `is_delivered`, `created_at`) VALUES (30, 30, 30, 'Suscipit qui animi id dolorem natus. Ut ratione doloribus amet iusto et. Voluptates sit eius dolor ipsa aperiam.', 1, 0, '2019-12-25 13:06:36');
INSERT INTO `messages` (`id`, `from_user_id`, `to_user_id`, `body`, `is_important`, `is_delivered`, `created_at`) VALUES (31, 31, 31, 'Autem at facilis esse voluptatem ipsum error pariatur. Eius rem non nisi sapiente ducimus itaque perspiciatis iure. Distinctio quia eos ut quae hic.', 0, 1, '2019-07-30 04:37:34');
INSERT INTO `messages` (`id`, `from_user_id`, `to_user_id`, `body`, `is_important`, `is_delivered`, `created_at`) VALUES (32, 32, 32, 'Sit sit iusto autem dolorem vel. Quia est ipsa eligendi earum dignissimos. Est possimus et eaque ut ut. Sunt nulla aliquid quia officia nihil corporis quia rerum. Eveniet molestias nihil cum sit.', 1, 0, '2019-09-06 16:05:10');
INSERT INTO `messages` (`id`, `from_user_id`, `to_user_id`, `body`, `is_important`, `is_delivered`, `created_at`) VALUES (33, 33, 33, 'Vel labore porro id praesentium corporis consequatur vero commodi. Et eos similique eos iure ut aut atque. Non fugit numquam quibusdam in dolore. Libero sapiente nobis nemo quam commodi iusto dignissimos.', 0, 1, '2019-10-12 11:10:00');
INSERT INTO `messages` (`id`, `from_user_id`, `to_user_id`, `body`, `is_important`, `is_delivered`, `created_at`) VALUES (34, 34, 34, 'Nihil molestias enim voluptates praesentium. Quia dolorem qui voluptates amet quam consequatur et. Enim sit id ut totam non sed in et.', 0, 1, '2019-08-22 15:59:18');
INSERT INTO `messages` (`id`, `from_user_id`, `to_user_id`, `body`, `is_important`, `is_delivered`, `created_at`) VALUES (35, 35, 35, 'Veritatis sit voluptatum consequatur fugiat incidunt velit esse. Nisi accusantium ab odio dolores deserunt ut temporibus. Quia nisi rem similique tempore rem sit in.', 0, 1, '2020-01-28 03:56:13');
INSERT INTO `messages` (`id`, `from_user_id`, `to_user_id`, `body`, `is_important`, `is_delivered`, `created_at`) VALUES (36, 36, 36, 'Beatae fugiat quos voluptatem nostrum quod tenetur. Ea veniam recusandae quis facere sit quia nihil.', 1, 0, '2019-11-08 22:31:49');
INSERT INTO `messages` (`id`, `from_user_id`, `to_user_id`, `body`, `is_important`, `is_delivered`, `created_at`) VALUES (37, 37, 37, 'Quasi voluptatibus ut excepturi iste quod. Quam excepturi placeat et sint itaque est. Sit deleniti beatae ea qui nihil est.', 1, 0, '2019-10-08 08:04:53');
INSERT INTO `messages` (`id`, `from_user_id`, `to_user_id`, `body`, `is_important`, `is_delivered`, `created_at`) VALUES (38, 38, 38, 'Animi atque itaque eveniet harum. Eligendi aliquam aut iusto velit recusandae earum. Et neque aperiam aut tempora aut minus et.', 0, 0, '2019-08-08 16:29:16');
INSERT INTO `messages` (`id`, `from_user_id`, `to_user_id`, `body`, `is_important`, `is_delivered`, `created_at`) VALUES (39, 39, 39, 'Corporis molestiae velit consequatur rerum. Consectetur sit ut et. Quos placeat minima dignissimos est quia nobis et. Deserunt ipsa nihil adipisci placeat libero voluptatibus laudantium. Aut qui temporibus rerum.', 0, 1, '2019-04-26 14:09:07');
INSERT INTO `messages` (`id`, `from_user_id`, `to_user_id`, `body`, `is_important`, `is_delivered`, `created_at`) VALUES (40, 40, 40, 'Vitae et impedit harum vel eum fuga. Et doloremque architecto id dolor consectetur voluptas iure autem. Et eligendi voluptas qui.', 0, 0, '2019-06-10 13:26:22');
INSERT INTO `messages` (`id`, `from_user_id`, `to_user_id`, `body`, `is_important`, `is_delivered`, `created_at`) VALUES (41, 41, 41, 'Voluptatem quia inventore corporis et est. Sapiente et rem dolor voluptatem eos. Ut maxime illum voluptates iusto pariatur. Omnis consequatur similique tempore aut ab aut.', 1, 1, '2019-11-17 21:13:31');
INSERT INTO `messages` (`id`, `from_user_id`, `to_user_id`, `body`, `is_important`, `is_delivered`, `created_at`) VALUES (42, 42, 42, 'Maxime aperiam eaque repellat. Nam et ratione maiores iste et tempora tenetur praesentium. Sint aliquid modi cupiditate aut et laudantium laudantium. Velit quia quia corrupti reiciendis. Delectus aut molestiae quibusdam ut nam dolore odit.', 1, 0, '2019-09-20 15:44:25');
INSERT INTO `messages` (`id`, `from_user_id`, `to_user_id`, `body`, `is_important`, `is_delivered`, `created_at`) VALUES (43, 43, 43, 'Sit ullam atque voluptatibus animi rerum. Ea dolorum dolorum earum. At officiis minima earum fugiat ducimus eveniet dignissimos. Et incidunt soluta qui rerum. Repellat beatae aspernatur consectetur rem voluptates itaque quod.', 0, 1, '2019-11-20 10:25:59');
INSERT INTO `messages` (`id`, `from_user_id`, `to_user_id`, `body`, `is_important`, `is_delivered`, `created_at`) VALUES (44, 44, 44, 'Et ipsam aspernatur nobis consequatur quisquam voluptates aut. Totam autem pariatur consequatur cum quod. Maxime facilis dolore veritatis. Possimus saepe voluptas impedit et dolorem maxime officiis molestias. Aperiam quo sequi nihil incidunt et.', 1, 0, '2019-09-11 17:06:41');
INSERT INTO `messages` (`id`, `from_user_id`, `to_user_id`, `body`, `is_important`, `is_delivered`, `created_at`) VALUES (45, 45, 45, 'In architecto officia accusamus nesciunt voluptas aut. Nesciunt dolore laudantium ea commodi error voluptatem.', 0, 0, '2019-09-08 23:01:12');
INSERT INTO `messages` (`id`, `from_user_id`, `to_user_id`, `body`, `is_important`, `is_delivered`, `created_at`) VALUES (46, 46, 46, 'Dolores et aut est voluptatum ipsa omnis. Fugiat quis placeat illo nostrum incidunt cumque voluptatem laborum. Repellendus earum sed doloremque accusamus veniam voluptas odio.', 0, 0, '2020-02-05 01:44:17');
INSERT INTO `messages` (`id`, `from_user_id`, `to_user_id`, `body`, `is_important`, `is_delivered`, `created_at`) VALUES (47, 47, 47, 'Velit iste ullam dolor. Consectetur voluptate provident velit rerum porro explicabo. Nulla at occaecati ut cum.', 1, 0, '2020-01-08 21:04:24');
INSERT INTO `messages` (`id`, `from_user_id`, `to_user_id`, `body`, `is_important`, `is_delivered`, `created_at`) VALUES (48, 48, 48, 'Similique dignissimos quo aut omnis rerum quasi impedit esse. Quia quia sequi sunt voluptates minus repellendus ab velit. Ut voluptas et possimus consequatur quae totam labore accusamus.', 0, 1, '2020-03-16 02:40:01');
INSERT INTO `messages` (`id`, `from_user_id`, `to_user_id`, `body`, `is_important`, `is_delivered`, `created_at`) VALUES (49, 49, 49, 'Ut veniam illum est. Exercitationem adipisci sint nihil molestiae magni. Qui dolorem deleniti aspernatur dignissimos dolorem et. Sit officiis adipisci ducimus velit.', 1, 0, '2019-05-04 00:18:38');
INSERT INTO `messages` (`id`, `from_user_id`, `to_user_id`, `body`, `is_important`, `is_delivered`, `created_at`) VALUES (50, 50, 50, 'Sit inventore illo neque voluptate distinctio numquam soluta labore. Hic quas sit non et laboriosam sit. Atque velit aspernatur sequi corporis quibusdam autem non suscipit.', 1, 1, '2019-06-22 06:41:38');
INSERT INTO `messages` (`id`, `from_user_id`, `to_user_id`, `body`, `is_important`, `is_delivered`, `created_at`) VALUES (51, 51, 51, 'Consequuntur veritatis rerum distinctio eligendi et distinctio. Sequi quasi et accusamus et. Quo qui cupiditate ipsum ut laborum assumenda facere cumque. Et quidem tempora sit hic.', 1, 1, '2019-10-07 01:41:12');
INSERT INTO `messages` (`id`, `from_user_id`, `to_user_id`, `body`, `is_important`, `is_delivered`, `created_at`) VALUES (52, 52, 52, 'Modi modi et ullam. Vel est fugit et. A minima officiis et nihil aut eum saepe.', 0, 1, '2019-04-02 16:45:56');
INSERT INTO `messages` (`id`, `from_user_id`, `to_user_id`, `body`, `is_important`, `is_delivered`, `created_at`) VALUES (53, 53, 53, 'Labore culpa ipsam incidunt. Et eos earum similique dolorem eligendi. Dolorem et numquam nobis autem consectetur.', 0, 1, '2019-04-17 02:21:12');
INSERT INTO `messages` (`id`, `from_user_id`, `to_user_id`, `body`, `is_important`, `is_delivered`, `created_at`) VALUES (54, 54, 54, 'Reiciendis aut aliquid officiis dolor quaerat et assumenda voluptatem. Aliquid dolores architecto est veniam. Quis sed qui ut et minima fugiat. Aut est molestiae laborum eius magnam.', 1, 0, '2019-09-30 21:32:37');
INSERT INTO `messages` (`id`, `from_user_id`, `to_user_id`, `body`, `is_important`, `is_delivered`, `created_at`) VALUES (55, 55, 55, 'Facere nobis reprehenderit qui ipsam cupiditate. Velit hic blanditiis est.', 0, 1, '2019-09-12 17:55:22');
INSERT INTO `messages` (`id`, `from_user_id`, `to_user_id`, `body`, `is_important`, `is_delivered`, `created_at`) VALUES (56, 56, 56, 'Enim voluptate vitae sunt sit dolores veniam libero. Suscipit velit aut earum molestiae. Voluptatem ea inventore debitis omnis.', 0, 0, '2019-04-26 09:08:57');
INSERT INTO `messages` (`id`, `from_user_id`, `to_user_id`, `body`, `is_important`, `is_delivered`, `created_at`) VALUES (57, 57, 57, 'Labore quis aspernatur id. Ut placeat illum ipsa sed minima enim. A consequatur eligendi repellat veritatis necessitatibus. Et libero eos iure deserunt quia atque quasi. Molestias aut rem dolorem tenetur reiciendis cupiditate aut.', 0, 0, '2020-03-05 11:42:46');
INSERT INTO `messages` (`id`, `from_user_id`, `to_user_id`, `body`, `is_important`, `is_delivered`, `created_at`) VALUES (58, 58, 58, 'Iste alias eum reiciendis blanditiis. Voluptate repellat occaecati qui animi cumque aut sed.', 1, 0, '2019-08-18 21:04:53');
INSERT INTO `messages` (`id`, `from_user_id`, `to_user_id`, `body`, `is_important`, `is_delivered`, `created_at`) VALUES (59, 59, 59, 'Est alias officia adipisci earum quasi non. Qui repellat sapiente est reprehenderit consequatur aliquam accusamus. Sit dolor quia repellat id laboriosam voluptatem minus.', 0, 0, '2019-06-22 05:49:41');
INSERT INTO `messages` (`id`, `from_user_id`, `to_user_id`, `body`, `is_important`, `is_delivered`, `created_at`) VALUES (60, 60, 60, 'Ratione quae qui magnam qui et. Aperiam dolorum aut est reprehenderit recusandae. Debitis quia laboriosam voluptatem ut distinctio. Sit voluptatem nam ex.', 0, 0, '2020-03-21 07:08:03');
INSERT INTO `messages` (`id`, `from_user_id`, `to_user_id`, `body`, `is_important`, `is_delivered`, `created_at`) VALUES (61, 61, 61, 'Rerum quod voluptatem voluptatum fugit unde quo. Odit exercitationem eos asperiores totam eius vitae minima. Repudiandae ad fugit quod ut minima. Sed id suscipit voluptatem eveniet esse architecto rerum.', 0, 1, '2020-03-09 06:34:35');
INSERT INTO `messages` (`id`, `from_user_id`, `to_user_id`, `body`, `is_important`, `is_delivered`, `created_at`) VALUES (62, 62, 62, 'Necessitatibus rerum consequuntur consectetur dolorum est expedita. Dicta voluptas iusto voluptas ipsa atque tempore. Quia debitis consequuntur porro aperiam esse. Rerum quis ut dolore laboriosam.', 1, 0, '2019-05-29 02:22:13');
INSERT INTO `messages` (`id`, `from_user_id`, `to_user_id`, `body`, `is_important`, `is_delivered`, `created_at`) VALUES (63, 63, 63, 'Expedita illum enim iure rem deleniti sint. Omnis sit qui omnis explicabo. Vitae minus hic accusantium dolor numquam quod eos. Dolorum quas quas tenetur expedita. Distinctio rerum sit nisi voluptates.', 1, 0, '2020-03-21 18:58:41');
INSERT INTO `messages` (`id`, `from_user_id`, `to_user_id`, `body`, `is_important`, `is_delivered`, `created_at`) VALUES (64, 64, 64, 'Consequatur ipsam non vel et modi molestiae. Eum suscipit aspernatur nulla perspiciatis. Voluptatibus quo ut sequi incidunt voluptatum aut eum.', 0, 0, '2019-05-02 08:40:45');
INSERT INTO `messages` (`id`, `from_user_id`, `to_user_id`, `body`, `is_important`, `is_delivered`, `created_at`) VALUES (65, 65, 65, 'Corrupti aut in est error quo nemo et est. Quo eveniet aut ipsam atque deleniti quia. Dolores sit reprehenderit dolores voluptatem incidunt.', 0, 1, '2019-10-14 20:24:45');
INSERT INTO `messages` (`id`, `from_user_id`, `to_user_id`, `body`, `is_important`, `is_delivered`, `created_at`) VALUES (66, 66, 66, 'Ipsum rerum error ut placeat. Incidunt neque qui maiores qui consectetur quae. Et commodi sed excepturi necessitatibus ipsam aliquam qui. Esse consequatur et accusantium aspernatur et.', 1, 0, '2019-07-23 14:47:56');
INSERT INTO `messages` (`id`, `from_user_id`, `to_user_id`, `body`, `is_important`, `is_delivered`, `created_at`) VALUES (67, 67, 67, 'Nisi assumenda maiores dolorem facere. Ullam tempora eos corporis rerum. Qui error odit aut alias est.', 1, 1, '2020-03-03 01:05:09');
INSERT INTO `messages` (`id`, `from_user_id`, `to_user_id`, `body`, `is_important`, `is_delivered`, `created_at`) VALUES (68, 68, 68, 'Harum non et quidem tenetur unde deleniti. Commodi explicabo et iusto sit nihil.', 1, 0, '2019-08-28 01:24:36');
INSERT INTO `messages` (`id`, `from_user_id`, `to_user_id`, `body`, `is_important`, `is_delivered`, `created_at`) VALUES (69, 69, 69, 'Corporis aut et ipsa delectus delectus quam sint. Voluptate repellat illum aliquam rerum. Est in at quod debitis. Aut iure eligendi quis. Optio nihil qui quam dicta occaecati dolor dolor.', 0, 1, '2019-06-29 12:15:20');
INSERT INTO `messages` (`id`, `from_user_id`, `to_user_id`, `body`, `is_important`, `is_delivered`, `created_at`) VALUES (70, 70, 70, 'Voluptatem sint architecto cum placeat unde odio. Tenetur et exercitationem animi distinctio et inventore nemo. Inventore officiis quibusdam officia voluptatem quia sed.', 0, 1, '2020-02-09 05:38:05');
INSERT INTO `messages` (`id`, `from_user_id`, `to_user_id`, `body`, `is_important`, `is_delivered`, `created_at`) VALUES (71, 71, 71, 'Aut quam et modi enim tenetur veniam. Et dolores ut facere libero. Consequatur omnis qui quas labore rerum molestias quas.', 1, 1, '2019-10-29 04:47:15');
INSERT INTO `messages` (`id`, `from_user_id`, `to_user_id`, `body`, `is_important`, `is_delivered`, `created_at`) VALUES (72, 72, 72, 'Expedita tempora quis qui harum. Consequatur inventore in eum doloremque quos. Illum quae quis non accusamus error nostrum.', 1, 1, '2020-02-27 14:09:02');
INSERT INTO `messages` (`id`, `from_user_id`, `to_user_id`, `body`, `is_important`, `is_delivered`, `created_at`) VALUES (73, 73, 73, 'Consequatur nihil qui voluptas. Reprehenderit quos consequatur et autem explicabo. Nihil explicabo et ipsa voluptatem.', 1, 0, '2019-08-20 13:05:08');
INSERT INTO `messages` (`id`, `from_user_id`, `to_user_id`, `body`, `is_important`, `is_delivered`, `created_at`) VALUES (74, 74, 74, 'Voluptates dolores earum vitae quaerat eos voluptatibus possimus laudantium. Est deleniti vitae velit voluptatibus aut non. Sit qui aut et sapiente reiciendis nihil exercitationem.', 0, 1, '2020-02-24 00:58:54');
INSERT INTO `messages` (`id`, `from_user_id`, `to_user_id`, `body`, `is_important`, `is_delivered`, `created_at`) VALUES (75, 75, 75, 'Et corporis laborum voluptas consequatur. Repudiandae et laudantium et nulla. Doloribus eaque natus quasi modi recusandae sint enim.', 1, 1, '2019-09-29 05:43:10');
INSERT INTO `messages` (`id`, `from_user_id`, `to_user_id`, `body`, `is_important`, `is_delivered`, `created_at`) VALUES (76, 76, 76, 'Necessitatibus voluptas soluta rem dolore minima odio qui. Et voluptatem porro a quos voluptatem perspiciatis nobis. Et voluptas est eos.', 1, 0, '2019-05-10 10:04:50');
INSERT INTO `messages` (`id`, `from_user_id`, `to_user_id`, `body`, `is_important`, `is_delivered`, `created_at`) VALUES (77, 77, 77, 'Eum aspernatur in dicta perspiciatis. Sunt id accusantium sint. Deserunt corrupti repellat corrupti.', 1, 1, '2019-08-22 03:11:24');
INSERT INTO `messages` (`id`, `from_user_id`, `to_user_id`, `body`, `is_important`, `is_delivered`, `created_at`) VALUES (78, 78, 78, 'Perspiciatis ut assumenda sint animi. Ut autem et beatae. Soluta dolorum eaque deleniti est. Cum blanditiis consequatur repellat similique.', 1, 1, '2019-11-17 09:07:29');
INSERT INTO `messages` (`id`, `from_user_id`, `to_user_id`, `body`, `is_important`, `is_delivered`, `created_at`) VALUES (79, 79, 79, 'Beatae officiis facilis sunt. Veniam rerum voluptatibus quae ipsa ea sit eos optio. Cumque possimus asperiores corrupti nobis quo.', 0, 0, '2020-03-12 18:38:38');
INSERT INTO `messages` (`id`, `from_user_id`, `to_user_id`, `body`, `is_important`, `is_delivered`, `created_at`) VALUES (80, 80, 80, 'Explicabo beatae et officia a non. Aut voluptatibus cumque delectus et. Aut ut vitae vel non autem ea. Harum quis perferendis vero amet placeat cum.', 1, 1, '2019-11-21 09:43:43');
INSERT INTO `messages` (`id`, `from_user_id`, `to_user_id`, `body`, `is_important`, `is_delivered`, `created_at`) VALUES (81, 81, 81, 'Officiis officia et consequuntur quibusdam culpa. Doloribus eligendi dignissimos mollitia.', 0, 1, '2019-05-04 04:54:44');
INSERT INTO `messages` (`id`, `from_user_id`, `to_user_id`, `body`, `is_important`, `is_delivered`, `created_at`) VALUES (82, 82, 82, 'Debitis totam error non blanditiis pariatur qui neque odit. Qui possimus rerum quae necessitatibus aliquid accusamus. Nemo optio qui deserunt voluptatem a suscipit non in. Ut sed velit odit enim excepturi. Fuga accusamus exercitationem eaque earum enim cupiditate corrupti.', 1, 0, '2019-04-26 06:25:04');
INSERT INTO `messages` (`id`, `from_user_id`, `to_user_id`, `body`, `is_important`, `is_delivered`, `created_at`) VALUES (83, 83, 83, 'Qui blanditiis ratione ut eius magni. Expedita sunt est debitis eos. Repudiandae harum quasi eum non dolorum assumenda sit. Quia nihil dolorem deserunt nemo.', 0, 0, '2020-01-28 11:12:23');
INSERT INTO `messages` (`id`, `from_user_id`, `to_user_id`, `body`, `is_important`, `is_delivered`, `created_at`) VALUES (84, 84, 84, 'Dolore qui veniam quos dolores aut aliquid. Earum fuga ut facere illo. Voluptates non et ab sed.', 1, 0, '2019-08-27 04:52:41');
INSERT INTO `messages` (`id`, `from_user_id`, `to_user_id`, `body`, `is_important`, `is_delivered`, `created_at`) VALUES (85, 85, 85, 'Voluptatem quaerat nobis ea ut ducimus accusamus modi. Necessitatibus modi culpa pariatur.', 0, 1, '2019-11-04 14:33:56');
INSERT INTO `messages` (`id`, `from_user_id`, `to_user_id`, `body`, `is_important`, `is_delivered`, `created_at`) VALUES (86, 86, 86, 'Qui dolor aspernatur sed aperiam voluptatem ipsam. Nostrum iure beatae aut blanditiis possimus esse commodi. Beatae non voluptatibus ut tempora suscipit et quia reiciendis. Quibusdam qui est iste necessitatibus.', 1, 1, '2019-07-04 15:01:33');
INSERT INTO `messages` (`id`, `from_user_id`, `to_user_id`, `body`, `is_important`, `is_delivered`, `created_at`) VALUES (87, 87, 87, 'Eum provident voluptatem tempore. Ipsam unde molestiae reiciendis id debitis eius asperiores id. Voluptatum omnis doloribus tempora eos.', 1, 0, '2019-10-16 12:44:38');
INSERT INTO `messages` (`id`, `from_user_id`, `to_user_id`, `body`, `is_important`, `is_delivered`, `created_at`) VALUES (88, 88, 88, 'Ratione eos quia porro. Odit reprehenderit et consequuntur eveniet et illo voluptatem. Dolorum accusamus rerum dolorem est.', 0, 0, '2019-12-01 06:35:34');
INSERT INTO `messages` (`id`, `from_user_id`, `to_user_id`, `body`, `is_important`, `is_delivered`, `created_at`) VALUES (89, 89, 89, 'Ut eos debitis molestias odit voluptates iusto et. Porro molestiae nemo consequatur aut. Fugiat nostrum libero dolorem eaque ullam.', 1, 1, '2019-09-16 16:32:18');
INSERT INTO `messages` (`id`, `from_user_id`, `to_user_id`, `body`, `is_important`, `is_delivered`, `created_at`) VALUES (90, 90, 90, 'Recusandae ut voluptas quam corrupti aspernatur ut a soluta. Necessitatibus qui nobis esse optio quaerat sequi. Accusamus et et vel.', 1, 0, '2019-09-17 07:02:13');
INSERT INTO `messages` (`id`, `from_user_id`, `to_user_id`, `body`, `is_important`, `is_delivered`, `created_at`) VALUES (91, 91, 91, 'A id omnis quae vero eos rerum consequatur ex. Voluptatum tenetur est sunt odit consequatur. Vel assumenda ut suscipit ullam.', 1, 0, '2020-02-29 07:15:31');
INSERT INTO `messages` (`id`, `from_user_id`, `to_user_id`, `body`, `is_important`, `is_delivered`, `created_at`) VALUES (92, 92, 92, 'Tempore eligendi neque odio autem sed dignissimos placeat. Tempore accusantium qui quis et aut. In placeat quis voluptas.', 1, 0, '2019-12-07 21:42:04');
INSERT INTO `messages` (`id`, `from_user_id`, `to_user_id`, `body`, `is_important`, `is_delivered`, `created_at`) VALUES (93, 93, 93, 'A ea corrupti a optio repellendus tenetur quibusdam assumenda. Ipsa temporibus et ullam consequatur sit non aut.', 1, 0, '2019-10-10 06:19:50');
INSERT INTO `messages` (`id`, `from_user_id`, `to_user_id`, `body`, `is_important`, `is_delivered`, `created_at`) VALUES (94, 94, 94, 'Sequi et est inventore illum. Ut magni vel rerum officiis doloribus officiis tempore. Modi nihil cupiditate tempore ex. Et saepe esse ducimus molestias et saepe.', 1, 1, '2019-04-25 22:04:54');
INSERT INTO `messages` (`id`, `from_user_id`, `to_user_id`, `body`, `is_important`, `is_delivered`, `created_at`) VALUES (95, 95, 95, 'Similique soluta voluptas qui dolorem natus. Iusto expedita soluta consequatur blanditiis deleniti eligendi dignissimos. Mollitia animi eos est consequuntur consequatur enim. Consequuntur voluptatem aut veritatis optio at. Velit minima nihil a nisi blanditiis non sint.', 1, 0, '2020-02-05 02:21:47');
INSERT INTO `messages` (`id`, `from_user_id`, `to_user_id`, `body`, `is_important`, `is_delivered`, `created_at`) VALUES (96, 96, 96, 'Eius molestiae dolor maiores aut. Minima animi iure optio ipsa est dignissimos. Molestiae repellendus blanditiis officia dignissimos quae exercitationem saepe.', 1, 1, '2019-11-26 13:23:22');
INSERT INTO `messages` (`id`, `from_user_id`, `to_user_id`, `body`, `is_important`, `is_delivered`, `created_at`) VALUES (97, 97, 97, 'At qui dolorem ipsa vitae velit quibusdam. Quas nesciunt unde placeat sit vero ratione sed voluptatem. Ipsa voluptatibus aliquam sit nam in.', 1, 1, '2020-02-21 09:50:13');
INSERT INTO `messages` (`id`, `from_user_id`, `to_user_id`, `body`, `is_important`, `is_delivered`, `created_at`) VALUES (98, 98, 98, 'Non ad a voluptatibus at. Eos voluptates soluta mollitia nulla quo dolores labore. Voluptatem voluptas alias est omnis eligendi optio cupiditate aperiam.', 0, 1, '2019-05-20 17:36:52');
INSERT INTO `messages` (`id`, `from_user_id`, `to_user_id`, `body`, `is_important`, `is_delivered`, `created_at`) VALUES (99, 99, 99, 'Necessitatibus rerum odit et voluptatem ut autem atque. Nisi expedita placeat excepturi alias eos dignissimos aliquam. Et est est laboriosam ea et.', 0, 1, '2019-09-01 09:55:07');
INSERT INTO `messages` (`id`, `from_user_id`, `to_user_id`, `body`, `is_important`, `is_delivered`, `created_at`) VALUES (100, 100, 100, 'Aut quia voluptatem quo quo. Facere ut corrupti reiciendis dolorum eligendi aut. Assumenda qui at et aut. Et atque sunt cumque provident ullam id labore.', 0, 0, '2019-08-12 19:50:52');


#
# TABLE STRUCTURE FOR: profiles
#

DROP TABLE IF EXISTS `profiles`;

CREATE TABLE `profiles` (
  `user_id` int(10) unsigned NOT NULL,
  `gender` char(1) COLLATE utf8_unicode_ci NOT NULL,
  `birthday` date DEFAULT NULL,
  `city` varchar(100) COLLATE utf8_unicode_ci DEFAULT NULL,
  `country` varchar(100) COLLATE utf8_unicode_ci DEFAULT NULL,
  `photo_id` int(10) unsigned DEFAULT NULL,
  `created_at` datetime DEFAULT current_timestamp(),
  `updated_at` datetime DEFAULT current_timestamp() ON UPDATE current_timestamp(),
  PRIMARY KEY (`user_id`)
) ENGINE=InnoDB DEFAULT CHARSET=utf8 COLLATE=utf8_unicode_ci;

INSERT INTO `profiles` (`user_id`, `gender`, `birthday`, `city`, `country`, `photo_id`, `created_at`, `updated_at`) VALUES (1, 'M', '1990-02-23', 'Gislasonside', 'Azerbaijan', 1, '2019-04-12 04:14:58', '2019-10-16 06:27:46');
INSERT INTO `profiles` (`user_id`, `gender`, `birthday`, `city`, `country`, `photo_id`, `created_at`, `updated_at`) VALUES (2, 'P', '2016-04-18', 'East Geraldine', 'Yemen', 2, '2020-01-09 20:23:22', '2019-08-28 05:20:30');
INSERT INTO `profiles` (`user_id`, `gender`, `birthday`, `city`, `country`, `photo_id`, `created_at`, `updated_at`) VALUES (3, 'M', '1976-07-07', 'Lake Ransomville', 'Brunei Darussalam', 3, '2019-12-17 17:31:13', '2019-08-28 15:17:35');
INSERT INTO `profiles` (`user_id`, `gender`, `birthday`, `city`, `country`, `photo_id`, `created_at`, `updated_at`) VALUES (4, 'M', '1970-08-03', 'North Dave', 'Montserrat', 4, '2019-06-20 16:49:17', '2020-02-05 00:22:43');
INSERT INTO `profiles` (`user_id`, `gender`, `birthday`, `city`, `country`, `photo_id`, `created_at`, `updated_at`) VALUES (5, 'P', '1997-09-15', 'Daneview', 'Germany', 5, '2019-07-08 00:51:44', '2019-04-19 23:36:59');
INSERT INTO `profiles` (`user_id`, `gender`, `birthday`, `city`, `country`, `photo_id`, `created_at`, `updated_at`) VALUES (6, 'M', '1991-01-29', 'Alysonton', 'Slovenia', 6, '2020-02-24 11:34:55', '2020-01-18 04:32:45');
INSERT INTO `profiles` (`user_id`, `gender`, `birthday`, `city`, `country`, `photo_id`, `created_at`, `updated_at`) VALUES (7, 'M', '1996-11-30', 'Port Angelina', 'Turks and Caicos Islands', 7, '2019-11-24 07:28:50', '2020-02-25 22:31:35');
INSERT INTO `profiles` (`user_id`, `gender`, `birthday`, `city`, `country`, `photo_id`, `created_at`, `updated_at`) VALUES (8, 'P', '1992-05-16', 'East Katlynside', 'Nigeria', 8, '2019-07-29 17:22:14', '2019-12-17 10:21:54');
INSERT INTO `profiles` (`user_id`, `gender`, `birthday`, `city`, `country`, `photo_id`, `created_at`, `updated_at`) VALUES (9, 'P', '2005-05-12', 'Lethaside', 'Montserrat', 9, '2019-12-16 23:02:59', '2019-07-16 17:57:21');
INSERT INTO `profiles` (`user_id`, `gender`, `birthday`, `city`, `country`, `photo_id`, `created_at`, `updated_at`) VALUES (10, 'M', '1991-10-30', 'South Hannah', 'Guinea', 10, '2019-09-14 05:04:14', '2020-03-28 15:46:02');
INSERT INTO `profiles` (`user_id`, `gender`, `birthday`, `city`, `country`, `photo_id`, `created_at`, `updated_at`) VALUES (11, 'M', '1996-05-22', 'North Soniaton', 'Djibouti', 11, '2019-04-30 23:50:31', '2019-12-04 14:47:43');
INSERT INTO `profiles` (`user_id`, `gender`, `birthday`, `city`, `country`, `photo_id`, `created_at`, `updated_at`) VALUES (12, 'P', '1989-11-08', 'East August', 'Botswana', 12, '2019-08-23 06:28:03', '2019-11-23 18:49:16');
INSERT INTO `profiles` (`user_id`, `gender`, `birthday`, `city`, `country`, `photo_id`, `created_at`, `updated_at`) VALUES (13, 'P', '1979-06-20', 'Gracielamouth', 'Timor-Leste', 13, '2019-09-27 07:34:08', '2019-06-29 05:35:31');
INSERT INTO `profiles` (`user_id`, `gender`, `birthday`, `city`, `country`, `photo_id`, `created_at`, `updated_at`) VALUES (14, 'M', '1993-06-23', 'Narcisoville', 'Wallis and Futuna', 14, '2020-02-04 13:24:18', '2019-06-26 09:30:40');
INSERT INTO `profiles` (`user_id`, `gender`, `birthday`, `city`, `country`, `photo_id`, `created_at`, `updated_at`) VALUES (15, 'P', '1997-11-06', 'Hahnfurt', 'Papua New Guinea', 15, '2020-02-04 23:29:07', '2019-07-11 05:56:59');
INSERT INTO `profiles` (`user_id`, `gender`, `birthday`, `city`, `country`, `photo_id`, `created_at`, `updated_at`) VALUES (16, 'M', '1981-03-14', 'Fadelton', 'Poland', 16, '2019-08-26 03:49:13', '2020-01-25 13:59:12');
INSERT INTO `profiles` (`user_id`, `gender`, `birthday`, `city`, `country`, `photo_id`, `created_at`, `updated_at`) VALUES (17, 'M', '1984-03-24', 'East Kailee', 'Venezuela', 17, '2020-02-04 19:50:19', '2020-01-06 04:03:43');
INSERT INTO `profiles` (`user_id`, `gender`, `birthday`, `city`, `country`, `photo_id`, `created_at`, `updated_at`) VALUES (18, 'M', '1985-12-28', 'Jaysonbury', 'Montenegro', 18, '2019-11-16 04:25:45', '2019-09-29 14:37:25');
INSERT INTO `profiles` (`user_id`, `gender`, `birthday`, `city`, `country`, `photo_id`, `created_at`, `updated_at`) VALUES (19, 'P', '1994-05-27', 'Malloryside', 'Cambodia', 19, '2019-10-22 07:22:05', '2019-11-04 23:58:32');
INSERT INTO `profiles` (`user_id`, `gender`, `birthday`, `city`, `country`, `photo_id`, `created_at`, `updated_at`) VALUES (20, 'D', '1988-01-08', 'Port Celestinochester', 'Argentina', 20, '2019-06-11 04:39:35', '2019-06-21 12:23:29');
INSERT INTO `profiles` (`user_id`, `gender`, `birthday`, `city`, `country`, `photo_id`, `created_at`, `updated_at`) VALUES (21, 'D', '1987-04-19', 'East Dillanmouth', 'Guadeloupe', 21, '2019-07-05 00:28:43', '2019-04-22 17:46:50');
INSERT INTO `profiles` (`user_id`, `gender`, `birthday`, `city`, `country`, `photo_id`, `created_at`, `updated_at`) VALUES (22, 'M', '1984-02-14', 'Crooksport', 'Comoros', 22, '2019-12-28 11:41:19', '2020-01-24 23:42:11');
INSERT INTO `profiles` (`user_id`, `gender`, `birthday`, `city`, `country`, `photo_id`, `created_at`, `updated_at`) VALUES (23, 'M', '2007-03-30', 'New Kathryne', 'Guinea', 23, '2019-06-11 09:37:37', '2020-03-09 00:01:15');
INSERT INTO `profiles` (`user_id`, `gender`, `birthday`, `city`, `country`, `photo_id`, `created_at`, `updated_at`) VALUES (24, 'D', '2006-09-14', 'Desmondfurt', 'French Southern Territories', 24, '2019-12-25 00:35:23', '2019-12-05 22:47:01');
INSERT INTO `profiles` (`user_id`, `gender`, `birthday`, `city`, `country`, `photo_id`, `created_at`, `updated_at`) VALUES (25, 'P', '2012-10-22', 'Dillonborough', 'Mali', 25, '2020-02-14 05:21:12', '2019-09-08 10:24:27');
INSERT INTO `profiles` (`user_id`, `gender`, `birthday`, `city`, `country`, `photo_id`, `created_at`, `updated_at`) VALUES (26, 'D', '1983-01-31', 'Halliechester', 'Tunisia', 26, '2019-07-05 13:54:47', '2019-05-03 12:37:41');
INSERT INTO `profiles` (`user_id`, `gender`, `birthday`, `city`, `country`, `photo_id`, `created_at`, `updated_at`) VALUES (27, 'D', '1996-03-06', 'East Bobby', 'Malawi', 27, '2019-10-17 01:16:17', '2019-12-09 20:00:00');
INSERT INTO `profiles` (`user_id`, `gender`, `birthday`, `city`, `country`, `photo_id`, `created_at`, `updated_at`) VALUES (28, 'M', '1990-06-09', 'Lake Daphneyton', 'Georgia', 28, '2019-11-16 19:41:49', '2020-02-22 16:56:37');
INSERT INTO `profiles` (`user_id`, `gender`, `birthday`, `city`, `country`, `photo_id`, `created_at`, `updated_at`) VALUES (29, 'P', '2006-04-27', 'North Lamontbury', 'Norway', 29, '2020-03-22 04:40:30', '2019-08-12 02:31:02');
INSERT INTO `profiles` (`user_id`, `gender`, `birthday`, `city`, `country`, `photo_id`, `created_at`, `updated_at`) VALUES (30, 'M', '1978-08-18', 'Lake Maddisonstad', 'Sao Tome and Principe', 30, '2019-10-10 14:07:29', '2019-08-29 07:26:13');
INSERT INTO `profiles` (`user_id`, `gender`, `birthday`, `city`, `country`, `photo_id`, `created_at`, `updated_at`) VALUES (31, 'M', '2014-02-03', 'Codychester', 'Brunei Darussalam', 31, '2019-10-15 16:07:43', '2019-04-28 03:56:47');
INSERT INTO `profiles` (`user_id`, `gender`, `birthday`, `city`, `country`, `photo_id`, `created_at`, `updated_at`) VALUES (32, 'D', '1995-02-12', 'Waelchibury', 'Burkina Faso', 32, '2019-05-15 03:38:20', '2019-10-22 11:53:11');
INSERT INTO `profiles` (`user_id`, `gender`, `birthday`, `city`, `country`, `photo_id`, `created_at`, `updated_at`) VALUES (33, 'M', '2004-11-24', 'New Bell', 'Montserrat', 33, '2019-06-19 18:32:41', '2020-02-18 05:23:12');
INSERT INTO `profiles` (`user_id`, `gender`, `birthday`, `city`, `country`, `photo_id`, `created_at`, `updated_at`) VALUES (34, 'P', '1987-09-09', 'North Kipside', 'Philippines', 34, '2019-06-21 12:48:47', '2019-05-25 11:51:34');
INSERT INTO `profiles` (`user_id`, `gender`, `birthday`, `city`, `country`, `photo_id`, `created_at`, `updated_at`) VALUES (35, 'D', '1995-10-30', 'North Domingoview', 'Uzbekistan', 35, '2020-01-06 13:32:34', '2019-04-12 20:46:26');
INSERT INTO `profiles` (`user_id`, `gender`, `birthday`, `city`, `country`, `photo_id`, `created_at`, `updated_at`) VALUES (36, 'M', '1994-07-31', 'West Kayaview', 'Pitcairn Islands', 36, '2019-09-29 13:35:31', '2019-05-13 02:20:02');
INSERT INTO `profiles` (`user_id`, `gender`, `birthday`, `city`, `country`, `photo_id`, `created_at`, `updated_at`) VALUES (37, 'D', '1979-02-19', 'Vivienneland', 'Northern Mariana Islands', 37, '2019-10-09 02:30:07', '2019-09-23 04:03:07');
INSERT INTO `profiles` (`user_id`, `gender`, `birthday`, `city`, `country`, `photo_id`, `created_at`, `updated_at`) VALUES (38, 'M', '1977-07-12', 'Cartwrightton', 'Kuwait', 38, '2019-10-30 10:35:09', '2019-10-05 07:36:00');
INSERT INTO `profiles` (`user_id`, `gender`, `birthday`, `city`, `country`, `photo_id`, `created_at`, `updated_at`) VALUES (39, 'D', '2016-09-20', 'Monahanland', 'Chile', 39, '2019-11-11 19:54:44', '2019-12-15 08:03:41');
INSERT INTO `profiles` (`user_id`, `gender`, `birthday`, `city`, `country`, `photo_id`, `created_at`, `updated_at`) VALUES (40, 'M', '2003-06-17', 'New Rex', 'Brunei Darussalam', 40, '2019-06-03 09:14:01', '2019-12-21 10:36:26');
INSERT INTO `profiles` (`user_id`, `gender`, `birthday`, `city`, `country`, `photo_id`, `created_at`, `updated_at`) VALUES (41, 'M', '1987-03-02', 'West Jamel', 'Japan', 41, '2020-03-25 09:11:18', '2019-12-15 21:04:00');
INSERT INTO `profiles` (`user_id`, `gender`, `birthday`, `city`, `country`, `photo_id`, `created_at`, `updated_at`) VALUES (42, 'M', '1985-08-13', 'Aydenside', 'Turks and Caicos Islands', 42, '2019-05-16 07:05:49', '2020-02-13 13:00:24');
INSERT INTO `profiles` (`user_id`, `gender`, `birthday`, `city`, `country`, `photo_id`, `created_at`, `updated_at`) VALUES (43, 'D', '2005-01-01', 'Nigelborough', 'Sudan', 43, '2019-10-18 14:43:29', '2019-08-29 08:22:05');
INSERT INTO `profiles` (`user_id`, `gender`, `birthday`, `city`, `country`, `photo_id`, `created_at`, `updated_at`) VALUES (44, 'D', '2002-03-22', 'East Arthur', 'Thailand', 44, '2019-11-06 13:56:25', '2019-10-25 17:53:47');
INSERT INTO `profiles` (`user_id`, `gender`, `birthday`, `city`, `country`, `photo_id`, `created_at`, `updated_at`) VALUES (45, 'M', '1982-11-11', 'Lake Prince', 'Malta', 45, '2019-12-10 06:01:34', '2020-01-02 17:54:04');
INSERT INTO `profiles` (`user_id`, `gender`, `birthday`, `city`, `country`, `photo_id`, `created_at`, `updated_at`) VALUES (46, 'M', '1990-04-27', 'Riceberg', 'Timor-Leste', 46, '2019-09-15 01:21:03', '2019-11-18 23:17:08');
INSERT INTO `profiles` (`user_id`, `gender`, `birthday`, `city`, `country`, `photo_id`, `created_at`, `updated_at`) VALUES (47, 'M', '1993-02-26', 'South Shanelleton', 'Germany', 47, '2020-01-10 04:21:20', '2020-01-03 06:04:13');
INSERT INTO `profiles` (`user_id`, `gender`, `birthday`, `city`, `country`, `photo_id`, `created_at`, `updated_at`) VALUES (48, 'P', '2015-05-20', 'Klingberg', 'Monaco', 48, '2019-10-15 06:53:09', '2019-04-30 21:17:10');
INSERT INTO `profiles` (`user_id`, `gender`, `birthday`, `city`, `country`, `photo_id`, `created_at`, `updated_at`) VALUES (49, 'D', '2001-07-04', 'West Alphonso', 'Northern Mariana Islands', 49, '2019-08-12 15:08:47', '2019-09-12 03:35:56');
INSERT INTO `profiles` (`user_id`, `gender`, `birthday`, `city`, `country`, `photo_id`, `created_at`, `updated_at`) VALUES (50, 'M', '1988-04-26', 'Sawaynville', 'Andorra', 50, '2019-08-16 18:43:14', '2019-07-14 02:50:41');
INSERT INTO `profiles` (`user_id`, `gender`, `birthday`, `city`, `country`, `photo_id`, `created_at`, `updated_at`) VALUES (51, 'P', '1986-09-27', 'Abbottburgh', 'Guadeloupe', 1, '2020-01-02 07:07:52', '2019-10-30 12:48:54');
INSERT INTO `profiles` (`user_id`, `gender`, `birthday`, `city`, `country`, `photo_id`, `created_at`, `updated_at`) VALUES (52, 'D', '1997-01-12', 'East Adrianna', 'Kuwait', 2, '2019-08-26 11:00:12', '2020-03-24 12:05:28');
INSERT INTO `profiles` (`user_id`, `gender`, `birthday`, `city`, `country`, `photo_id`, `created_at`, `updated_at`) VALUES (53, 'P', '1986-08-06', 'South Anastacio', 'Pitcairn Islands', 3, '2019-11-07 10:38:45', '2019-07-26 07:35:32');
INSERT INTO `profiles` (`user_id`, `gender`, `birthday`, `city`, `country`, `photo_id`, `created_at`, `updated_at`) VALUES (54, 'M', '1972-10-25', 'North Marlon', 'Benin', 4, '2019-09-13 11:10:18', '2020-01-28 19:51:54');
INSERT INTO `profiles` (`user_id`, `gender`, `birthday`, `city`, `country`, `photo_id`, `created_at`, `updated_at`) VALUES (55, 'D', '1999-12-11', 'Greenfelderborough', 'Korea', 5, '2019-03-31 20:33:35', '2019-12-15 13:19:43');
INSERT INTO `profiles` (`user_id`, `gender`, `birthday`, `city`, `country`, `photo_id`, `created_at`, `updated_at`) VALUES (56, 'M', '1998-06-15', 'East Adelbertmouth', 'Zimbabwe', 6, '2019-05-17 08:01:34', '2020-01-24 15:33:27');
INSERT INTO `profiles` (`user_id`, `gender`, `birthday`, `city`, `country`, `photo_id`, `created_at`, `updated_at`) VALUES (57, 'D', '1976-10-14', 'East Ervin', 'Equatorial Guinea', 7, '2019-10-02 21:03:44', '2020-02-09 14:12:35');
INSERT INTO `profiles` (`user_id`, `gender`, `birthday`, `city`, `country`, `photo_id`, `created_at`, `updated_at`) VALUES (58, 'D', '2011-12-06', 'West Brian', 'Sri Lanka', 8, '2020-01-16 17:38:15', '2019-08-13 23:19:09');
INSERT INTO `profiles` (`user_id`, `gender`, `birthday`, `city`, `country`, `photo_id`, `created_at`, `updated_at`) VALUES (59, 'D', '1976-01-07', 'Cotybury', 'Burkina Faso', 9, '2019-10-03 02:24:52', '2019-05-11 23:22:29');
INSERT INTO `profiles` (`user_id`, `gender`, `birthday`, `city`, `country`, `photo_id`, `created_at`, `updated_at`) VALUES (60, 'P', '1973-01-12', 'Leannonberg', 'Iraq', 10, '2019-10-07 01:24:33', '2019-04-01 17:29:15');
INSERT INTO `profiles` (`user_id`, `gender`, `birthday`, `city`, `country`, `photo_id`, `created_at`, `updated_at`) VALUES (61, 'M', '1988-11-10', 'Hagenesside', 'Dominican Republic', 11, '2020-02-25 10:34:41', '2019-09-01 21:45:13');
INSERT INTO `profiles` (`user_id`, `gender`, `birthday`, `city`, `country`, `photo_id`, `created_at`, `updated_at`) VALUES (62, 'M', '2019-05-09', 'North Mozelle', 'India', 12, '2019-10-20 14:45:25', '2019-04-20 18:09:08');
INSERT INTO `profiles` (`user_id`, `gender`, `birthday`, `city`, `country`, `photo_id`, `created_at`, `updated_at`) VALUES (63, 'M', '1977-02-15', 'Port Maritza', 'Netherlands Antilles', 13, '2019-10-20 06:23:19', '2019-09-04 04:45:28');
INSERT INTO `profiles` (`user_id`, `gender`, `birthday`, `city`, `country`, `photo_id`, `created_at`, `updated_at`) VALUES (64, 'P', '1982-06-23', 'South Thelmabury', 'Saint Helena', 14, '2019-06-02 05:42:30', '2019-09-28 00:07:05');
INSERT INTO `profiles` (`user_id`, `gender`, `birthday`, `city`, `country`, `photo_id`, `created_at`, `updated_at`) VALUES (65, 'P', '2019-12-30', 'East Clydeshire', 'Indonesia', 15, '2019-08-01 16:14:54', '2019-08-19 13:29:52');
INSERT INTO `profiles` (`user_id`, `gender`, `birthday`, `city`, `country`, `photo_id`, `created_at`, `updated_at`) VALUES (66, 'D', '1996-09-08', 'South Trudie', 'Argentina', 16, '2020-03-26 06:57:46', '2019-09-25 11:33:32');
INSERT INTO `profiles` (`user_id`, `gender`, `birthday`, `city`, `country`, `photo_id`, `created_at`, `updated_at`) VALUES (67, 'D', '1972-01-19', 'Jacobsville', 'Heard Island and McDonald Islands', 17, '2020-02-13 09:40:37', '2020-02-23 18:07:43');
INSERT INTO `profiles` (`user_id`, `gender`, `birthday`, `city`, `country`, `photo_id`, `created_at`, `updated_at`) VALUES (68, 'M', '1991-11-03', 'South Kenton', 'Samoa', 18, '2019-09-03 18:41:20', '2020-02-21 21:55:29');
INSERT INTO `profiles` (`user_id`, `gender`, `birthday`, `city`, `country`, `photo_id`, `created_at`, `updated_at`) VALUES (69, 'M', '2002-12-18', 'South Kim', 'Indonesia', 19, '2019-05-21 12:49:42', '2020-02-26 13:41:38');
INSERT INTO `profiles` (`user_id`, `gender`, `birthday`, `city`, `country`, `photo_id`, `created_at`, `updated_at`) VALUES (70, 'D', '1982-03-28', 'Imogeneview', 'Tokelau', 20, '2019-08-30 16:31:28', '2019-05-15 16:12:52');
INSERT INTO `profiles` (`user_id`, `gender`, `birthday`, `city`, `country`, `photo_id`, `created_at`, `updated_at`) VALUES (71, 'M', '2016-05-12', 'Port Pietro', 'Germany', 21, '2020-01-14 20:01:58', '2019-09-01 13:47:50');
INSERT INTO `profiles` (`user_id`, `gender`, `birthday`, `city`, `country`, `photo_id`, `created_at`, `updated_at`) VALUES (72, 'P', '1993-06-21', 'North Kian', 'Montserrat', 22, '2019-05-07 18:57:21', '2019-06-07 21:00:25');
INSERT INTO `profiles` (`user_id`, `gender`, `birthday`, `city`, `country`, `photo_id`, `created_at`, `updated_at`) VALUES (73, 'M', '2012-11-13', 'South Perryfurt', 'France', 23, '2019-12-16 03:26:44', '2019-09-16 02:49:20');
INSERT INTO `profiles` (`user_id`, `gender`, `birthday`, `city`, `country`, `photo_id`, `created_at`, `updated_at`) VALUES (74, 'M', '2003-03-16', 'West Augustaville', 'Colombia', 24, '2020-03-27 04:34:04', '2020-01-29 23:59:21');
INSERT INTO `profiles` (`user_id`, `gender`, `birthday`, `city`, `country`, `photo_id`, `created_at`, `updated_at`) VALUES (75, 'P', '2016-10-15', 'Mitchellburgh', 'Ethiopia', 25, '2019-11-20 02:31:40', '2019-05-14 08:21:59');
INSERT INTO `profiles` (`user_id`, `gender`, `birthday`, `city`, `country`, `photo_id`, `created_at`, `updated_at`) VALUES (76, 'P', '1970-06-05', 'West Breanne', 'Saint Barthelemy', 26, '2019-11-03 02:01:31', '2019-07-03 15:51:30');
INSERT INTO `profiles` (`user_id`, `gender`, `birthday`, `city`, `country`, `photo_id`, `created_at`, `updated_at`) VALUES (77, 'D', '1992-03-08', 'South Sterlingstad', 'Chile', 27, '2019-10-16 12:26:46', '2019-05-27 08:47:21');
INSERT INTO `profiles` (`user_id`, `gender`, `birthday`, `city`, `country`, `photo_id`, `created_at`, `updated_at`) VALUES (78, 'P', '1987-11-30', 'Terencetown', 'Morocco', 28, '2019-10-27 15:17:17', '2019-12-20 14:49:20');
INSERT INTO `profiles` (`user_id`, `gender`, `birthday`, `city`, `country`, `photo_id`, `created_at`, `updated_at`) VALUES (79, 'P', '1993-08-03', 'Alisonport', 'Isle of Man', 29, '2019-12-31 08:59:21', '2019-05-08 16:02:21');
INSERT INTO `profiles` (`user_id`, `gender`, `birthday`, `city`, `country`, `photo_id`, `created_at`, `updated_at`) VALUES (80, 'M', '2011-04-09', 'Port Josianneport', 'Sierra Leone', 30, '2020-03-08 22:54:51', '2019-08-06 21:01:34');
INSERT INTO `profiles` (`user_id`, `gender`, `birthday`, `city`, `country`, `photo_id`, `created_at`, `updated_at`) VALUES (81, 'M', '2000-02-10', 'Pfefferburgh', 'Tuvalu', 31, '2019-12-15 08:38:50', '2019-10-18 13:44:07');
INSERT INTO `profiles` (`user_id`, `gender`, `birthday`, `city`, `country`, `photo_id`, `created_at`, `updated_at`) VALUES (82, 'P', '2015-12-28', 'South Cielotown', 'Japan', 32, '2019-09-20 20:31:01', '2019-05-24 18:26:09');
INSERT INTO `profiles` (`user_id`, `gender`, `birthday`, `city`, `country`, `photo_id`, `created_at`, `updated_at`) VALUES (83, 'M', '1992-02-13', 'New Verlie', 'United States Minor Outlying Islands', 33, '2019-07-21 02:07:09', '2020-02-22 08:44:11');
INSERT INTO `profiles` (`user_id`, `gender`, `birthday`, `city`, `country`, `photo_id`, `created_at`, `updated_at`) VALUES (84, 'M', '2008-01-16', 'Giovannitown', 'Latvia', 34, '2019-06-16 14:21:32', '2019-12-14 07:35:49');
INSERT INTO `profiles` (`user_id`, `gender`, `birthday`, `city`, `country`, `photo_id`, `created_at`, `updated_at`) VALUES (85, 'M', '1973-09-28', 'New Emory', 'Myanmar', 35, '2019-09-25 10:00:11', '2019-07-15 13:58:13');
INSERT INTO `profiles` (`user_id`, `gender`, `birthday`, `city`, `country`, `photo_id`, `created_at`, `updated_at`) VALUES (86, 'M', '2000-02-16', 'South Brooktown', 'Cyprus', 36, '2019-11-10 07:53:28', '2019-06-16 06:29:02');
INSERT INTO `profiles` (`user_id`, `gender`, `birthday`, `city`, `country`, `photo_id`, `created_at`, `updated_at`) VALUES (87, 'D', '1989-01-15', 'Rickyview', 'Maldives', 37, '2019-08-09 15:14:52', '2019-05-04 15:24:13');
INSERT INTO `profiles` (`user_id`, `gender`, `birthday`, `city`, `country`, `photo_id`, `created_at`, `updated_at`) VALUES (88, 'M', '1986-01-01', 'Emiliaside', 'Lebanon', 38, '2020-01-21 15:04:19', '2019-07-22 11:58:25');
INSERT INTO `profiles` (`user_id`, `gender`, `birthday`, `city`, `country`, `photo_id`, `created_at`, `updated_at`) VALUES (89, 'P', '2007-03-30', 'Schmittstad', 'Israel', 39, '2020-03-01 11:24:49', '2019-08-26 19:03:45');
INSERT INTO `profiles` (`user_id`, `gender`, `birthday`, `city`, `country`, `photo_id`, `created_at`, `updated_at`) VALUES (90, 'P', '1999-12-15', 'Josephinefurt', 'Isle of Man', 40, '2020-02-20 12:14:42', '2020-03-29 08:40:49');
INSERT INTO `profiles` (`user_id`, `gender`, `birthday`, `city`, `country`, `photo_id`, `created_at`, `updated_at`) VALUES (91, 'P', '1990-12-29', 'Zboncakborough', 'Haiti', 41, '2020-01-23 14:04:56', '2019-08-29 15:03:00');
INSERT INTO `profiles` (`user_id`, `gender`, `birthday`, `city`, `country`, `photo_id`, `created_at`, `updated_at`) VALUES (92, 'M', '1974-03-09', 'Adellhaven', 'Afghanistan', 42, '2019-06-28 06:11:01', '2020-03-30 10:42:08');
INSERT INTO `profiles` (`user_id`, `gender`, `birthday`, `city`, `country`, `photo_id`, `created_at`, `updated_at`) VALUES (93, 'M', '2013-08-15', 'Lednerborough', 'Mozambique', 43, '2019-09-08 06:59:33', '2019-09-02 08:31:57');
INSERT INTO `profiles` (`user_id`, `gender`, `birthday`, `city`, `country`, `photo_id`, `created_at`, `updated_at`) VALUES (94, 'M', '1996-03-03', 'Ashleighborough', 'Tunisia', 44, '2019-05-16 13:29:03', '2019-04-26 11:00:26');
INSERT INTO `profiles` (`user_id`, `gender`, `birthday`, `city`, `country`, `photo_id`, `created_at`, `updated_at`) VALUES (95, 'M', '1989-06-29', 'West Stantonberg', 'Malaysia', 45, '2019-08-23 16:36:03', '2020-01-09 01:03:11');
INSERT INTO `profiles` (`user_id`, `gender`, `birthday`, `city`, `country`, `photo_id`, `created_at`, `updated_at`) VALUES (96, 'M', '1997-05-02', 'West Kamrynshire', 'Wallis and Futuna', 46, '2019-06-16 08:32:45', '2019-12-16 07:52:13');
INSERT INTO `profiles` (`user_id`, `gender`, `birthday`, `city`, `country`, `photo_id`, `created_at`, `updated_at`) VALUES (97, 'P', '2003-05-02', 'East Laurianne', 'Luxembourg', 47, '2019-07-28 13:44:14', '2019-09-15 10:04:58');
INSERT INTO `profiles` (`user_id`, `gender`, `birthday`, `city`, `country`, `photo_id`, `created_at`, `updated_at`) VALUES (98, 'M', '1997-03-18', 'New Cordell', 'Malaysia', 48, '2019-07-26 00:52:17', '2019-04-06 04:41:17');
INSERT INTO `profiles` (`user_id`, `gender`, `birthday`, `city`, `country`, `photo_id`, `created_at`, `updated_at`) VALUES (99, 'P', '1988-02-25', 'North Dorthyville', 'Syrian Arab Republic', 49, '2019-05-04 08:06:45', '2019-04-30 09:57:17');
INSERT INTO `profiles` (`user_id`, `gender`, `birthday`, `city`, `country`, `photo_id`, `created_at`, `updated_at`) VALUES (100, 'M', '2015-12-08', 'Lake Kay', 'Albania', 50, '2019-09-02 12:45:08', '2019-05-06 01:23:21');


#
# TABLE STRUCTURE FOR: users
#

DROP TABLE IF EXISTS `users`;

CREATE TABLE `users` (
  `id` int(10) unsigned NOT NULL AUTO_INCREMENT,
  `first_name` varchar(100) COLLATE utf8_unicode_ci NOT NULL,
  `last_name` varchar(100) COLLATE utf8_unicode_ci NOT NULL,
  `email` varchar(120) COLLATE utf8_unicode_ci NOT NULL,
  `phone` varchar(10) COLLATE utf8_unicode_ci NOT NULL,
  `created_at` datetime DEFAULT current_timestamp(),
  `updated_at` datetime DEFAULT current_timestamp() ON UPDATE current_timestamp(),
  PRIMARY KEY (`id`),
  UNIQUE KEY `email` (`email`),
  UNIQUE KEY `phone` (`phone`)
) ENGINE=InnoDB AUTO_INCREMENT=101 DEFAULT CHARSET=utf8 COLLATE=utf8_unicode_ci;

INSERT INTO `users` (`id`, `first_name`, `last_name`, `email`, `phone`, `created_at`, `updated_at`) VALUES (1, 'Libby', 'Ernser', 'rmedhurst@example.org', '(967)946-3', '2020-01-18 12:53:21', '2019-10-07 18:45:52');
INSERT INTO `users` (`id`, `first_name`, `last_name`, `email`, `phone`, `created_at`, `updated_at`) VALUES (2, 'Kelsie', 'Hettinger', 'pacocha.cassidy@example.com', '1-814-266-', '2019-10-26 15:16:32', '2019-05-07 16:46:40');
INSERT INTO `users` (`id`, `first_name`, `last_name`, `email`, `phone`, `created_at`, `updated_at`) VALUES (3, 'Jamal', 'Smitham', 'natasha38@example.net', '(693)194-9', '2019-04-27 12:11:40', '2019-04-17 12:05:51');
INSERT INTO `users` (`id`, `first_name`, `last_name`, `email`, `phone`, `created_at`, `updated_at`) VALUES (4, 'Arthur', 'Zulauf', 'cyril.greenholt@example.net', '0025887639', '2019-11-20 04:22:37', '2019-08-30 15:40:47');
INSERT INTO `users` (`id`, `first_name`, `last_name`, `email`, `phone`, `created_at`, `updated_at`) VALUES (5, 'Humberto', 'Conn', 'veum.terence@example.net', '(306)830-6', '2019-04-21 05:19:13', '2019-10-23 14:19:51');
INSERT INTO `users` (`id`, `first_name`, `last_name`, `email`, `phone`, `created_at`, `updated_at`) VALUES (6, 'Alford', 'Emmerich', 'hilbert04@example.com', '1-275-965-', '2019-07-22 18:44:06', '2019-04-12 09:53:27');
INSERT INTO `users` (`id`, `first_name`, `last_name`, `email`, `phone`, `created_at`, `updated_at`) VALUES (7, 'Ana', 'Torphy', 'blaise.green@example.org', '1-686-148-', '2019-06-15 00:03:03', '2019-10-22 13:36:03');
INSERT INTO `users` (`id`, `first_name`, `last_name`, `email`, `phone`, `created_at`, `updated_at`) VALUES (8, 'Cesar', 'Simonis', 'adelia45@example.com', '+30(7)6959', '2019-04-24 00:58:30', '2020-01-20 20:00:06');
INSERT INTO `users` (`id`, `first_name`, `last_name`, `email`, `phone`, `created_at`, `updated_at`) VALUES (9, 'Melyna', 'Kling', 'kovacek.jaquelin@example.net', '269.773.46', '2019-11-02 19:56:57', '2019-04-16 22:41:02');
INSERT INTO `users` (`id`, `first_name`, `last_name`, `email`, `phone`, `created_at`, `updated_at`) VALUES (10, 'Cierra', 'Schoen', 'reuben.casper@example.org', '0022536414', '2019-09-24 20:29:55', '2020-02-12 02:48:17');
INSERT INTO `users` (`id`, `first_name`, `last_name`, `email`, `phone`, `created_at`, `updated_at`) VALUES (11, 'Hadley', 'Botsford', 'vokuneva@example.net', '+69(8)0345', '2019-06-05 12:07:52', '2019-07-02 21:11:44');
INSERT INTO `users` (`id`, `first_name`, `last_name`, `email`, `phone`, `created_at`, `updated_at`) VALUES (12, 'Chaz', 'Hills', 'pbuckridge@example.com', '438.609.52', '2019-09-04 16:08:38', '2019-06-30 16:56:46');
INSERT INTO `users` (`id`, `first_name`, `last_name`, `email`, `phone`, `created_at`, `updated_at`) VALUES (13, 'Destiny', 'Collins', 'grace81@example.net', '880.853.62', '2019-04-01 20:06:56', '2019-08-06 17:27:19');
INSERT INTO `users` (`id`, `first_name`, `last_name`, `email`, `phone`, `created_at`, `updated_at`) VALUES (14, 'Misael', 'Leannon', 'vwuckert@example.net', '+01(6)3238', '2019-08-02 11:56:08', '2019-12-18 17:17:12');
INSERT INTO `users` (`id`, `first_name`, `last_name`, `email`, `phone`, `created_at`, `updated_at`) VALUES (15, 'Bonnie', 'Ullrich', 'koss.sigrid@example.net', '779-022-98', '2019-10-04 18:25:17', '2019-06-11 10:58:52');
INSERT INTO `users` (`id`, `first_name`, `last_name`, `email`, `phone`, `created_at`, `updated_at`) VALUES (16, 'Mark', 'West', 'cgerhold@example.org', '1-561-792-', '2020-01-02 11:24:07', '2019-07-15 23:16:03');
INSERT INTO `users` (`id`, `first_name`, `last_name`, `email`, `phone`, `created_at`, `updated_at`) VALUES (17, 'Norbert', 'Shanahan', 'koss.carmen@example.org', '0405087218', '2019-04-03 15:35:34', '2019-05-01 10:45:06');
INSERT INTO `users` (`id`, `first_name`, `last_name`, `email`, `phone`, `created_at`, `updated_at`) VALUES (18, 'Juston', 'Purdy', 'trace.maggio@example.com', '070-455-46', '2020-02-19 12:13:27', '2019-10-02 06:39:31');
INSERT INTO `users` (`id`, `first_name`, `last_name`, `email`, `phone`, `created_at`, `updated_at`) VALUES (19, 'Christopher', 'O\'Connell', 'kgibson@example.org', '0947639373', '2020-01-24 00:05:02', '2019-04-09 03:55:41');
INSERT INTO `users` (`id`, `first_name`, `last_name`, `email`, `phone`, `created_at`, `updated_at`) VALUES (20, 'Tyra', 'Ernser', 'wharris@example.org', '0379218922', '2019-08-06 09:52:21', '2019-10-27 22:52:55');
INSERT INTO `users` (`id`, `first_name`, `last_name`, `email`, `phone`, `created_at`, `updated_at`) VALUES (21, 'Arden', 'Stanton', 'cecelia.bayer@example.com', '411-525-11', '2019-08-19 00:24:18', '2019-06-23 07:07:49');
INSERT INTO `users` (`id`, `first_name`, `last_name`, `email`, `phone`, `created_at`, `updated_at`) VALUES (22, 'Kade', 'Runolfsdottir', 'emard.guido@example.org', '(571)528-2', '2019-06-29 23:56:22', '2020-02-03 05:56:09');
INSERT INTO `users` (`id`, `first_name`, `last_name`, `email`, `phone`, `created_at`, `updated_at`) VALUES (23, 'Newell', 'Little', 'branson.hessel@example.com', '(676)942-1', '2019-08-17 16:49:04', '2019-08-20 13:43:54');
INSERT INTO `users` (`id`, `first_name`, `last_name`, `email`, `phone`, `created_at`, `updated_at`) VALUES (24, 'Hobart', 'Bartell', 'hegmann.heloise@example.net', '547.876.84', '2019-10-04 08:34:45', '2019-10-08 23:08:48');
INSERT INTO `users` (`id`, `first_name`, `last_name`, `email`, `phone`, `created_at`, `updated_at`) VALUES (25, 'Camden', 'Nienow', 'rzboncak@example.net', '0762977237', '2019-11-14 21:00:46', '2020-03-03 07:04:33');
INSERT INTO `users` (`id`, `first_name`, `last_name`, `email`, `phone`, `created_at`, `updated_at`) VALUES (26, 'Marie', 'Reynolds', 'murazik.shania@example.org', '(059)867-0', '2019-08-15 00:09:13', '2020-03-11 13:34:15');
INSERT INTO `users` (`id`, `first_name`, `last_name`, `email`, `phone`, `created_at`, `updated_at`) VALUES (27, 'Howard', 'Kreiger', 'millie.harvey@example.com', '0886330967', '2020-03-09 22:25:09', '2019-11-12 17:32:32');
INSERT INTO `users` (`id`, `first_name`, `last_name`, `email`, `phone`, `created_at`, `updated_at`) VALUES (28, 'Maye', 'Nicolas', 'lemuel08@example.com', '(835)649-4', '2019-11-06 08:24:09', '2020-03-02 18:42:43');
INSERT INTO `users` (`id`, `first_name`, `last_name`, `email`, `phone`, `created_at`, `updated_at`) VALUES (29, 'Wilson', 'Aufderhar', 'kelsi73@example.net', '155-357-31', '2019-08-25 13:09:20', '2019-04-07 22:51:57');
INSERT INTO `users` (`id`, `first_name`, `last_name`, `email`, `phone`, `created_at`, `updated_at`) VALUES (30, 'Roman', 'Oberbrunner', 'hquigley@example.org', '1-120-799-', '2019-06-27 10:18:15', '2019-05-14 16:01:17');
INSERT INTO `users` (`id`, `first_name`, `last_name`, `email`, `phone`, `created_at`, `updated_at`) VALUES (31, 'Alycia', 'Farrell', 'sean.mayert@example.net', '735.386.32', '2019-08-01 04:41:37', '2019-12-30 07:09:22');
INSERT INTO `users` (`id`, `first_name`, `last_name`, `email`, `phone`, `created_at`, `updated_at`) VALUES (32, 'Eldridge', 'Flatley', 'jerde.junius@example.org', '494.478.76', '2019-04-28 03:02:08', '2019-08-25 11:48:29');
INSERT INTO `users` (`id`, `first_name`, `last_name`, `email`, `phone`, `created_at`, `updated_at`) VALUES (33, 'Beaulah', 'Walker', 'angelina.lockman@example.net', '284.682.04', '2019-10-28 15:51:56', '2019-10-27 20:07:53');
INSERT INTO `users` (`id`, `first_name`, `last_name`, `email`, `phone`, `created_at`, `updated_at`) VALUES (34, 'Isabel', 'Hansen', 'ngrimes@example.org', '1-113-763-', '2019-12-10 15:32:24', '2019-05-01 21:20:54');
INSERT INTO `users` (`id`, `first_name`, `last_name`, `email`, `phone`, `created_at`, `updated_at`) VALUES (35, 'Madonna', 'Durgan', 'shea.waters@example.com', '0943728498', '2019-12-10 23:48:24', '2019-07-29 08:07:45');
INSERT INTO `users` (`id`, `first_name`, `last_name`, `email`, `phone`, `created_at`, `updated_at`) VALUES (36, 'Ricardo', 'Erdman', 'mcclure.saige@example.net', '+22(3)0650', '2020-02-15 22:28:07', '2019-06-02 20:21:40');
INSERT INTO `users` (`id`, `first_name`, `last_name`, `email`, `phone`, `created_at`, `updated_at`) VALUES (37, 'Kenna', 'Jaskolski', 'markus.schmeler@example.com', '1-408-838-', '2019-10-10 17:41:20', '2020-01-04 04:25:56');
INSERT INTO `users` (`id`, `first_name`, `last_name`, `email`, `phone`, `created_at`, `updated_at`) VALUES (38, 'Collin', 'Dooley', 'armand.crooks@example.com', '643-570-75', '2019-09-08 03:29:37', '2019-10-28 03:50:46');
INSERT INTO `users` (`id`, `first_name`, `last_name`, `email`, `phone`, `created_at`, `updated_at`) VALUES (39, 'Kiera', 'McCullough', 'green.furman@example.com', '1-787-177-', '2019-10-16 16:30:15', '2020-02-20 07:45:40');
INSERT INTO `users` (`id`, `first_name`, `last_name`, `email`, `phone`, `created_at`, `updated_at`) VALUES (40, 'Raquel', 'Smith', 'marion.schuster@example.net', '940-100-60', '2019-08-26 06:43:54', '2019-09-15 11:25:04');
INSERT INTO `users` (`id`, `first_name`, `last_name`, `email`, `phone`, `created_at`, `updated_at`) VALUES (41, 'Watson', 'Gottlieb', 'isai50@example.com', '+26(0)2048', '2020-03-12 23:58:26', '2019-09-04 00:17:04');
INSERT INTO `users` (`id`, `first_name`, `last_name`, `email`, `phone`, `created_at`, `updated_at`) VALUES (42, 'Katrina', 'Turner', 'dessie.white@example.com', '1-731-109-', '2019-04-19 07:59:21', '2019-04-07 10:24:42');
INSERT INTO `users` (`id`, `first_name`, `last_name`, `email`, `phone`, `created_at`, `updated_at`) VALUES (43, 'Nona', 'Torp', 'brobel@example.org', '(496)455-6', '2020-01-26 07:25:51', '2020-01-09 07:46:19');
INSERT INTO `users` (`id`, `first_name`, `last_name`, `email`, `phone`, `created_at`, `updated_at`) VALUES (44, 'Vince', 'Berge', 'isaias68@example.net', '+14(1)6267', '2020-03-25 19:09:28', '2019-06-10 22:56:32');
INSERT INTO `users` (`id`, `first_name`, `last_name`, `email`, `phone`, `created_at`, `updated_at`) VALUES (45, 'Jeffery', 'Goldner', 'madams@example.com', '509-922-26', '2019-11-06 19:48:03', '2020-02-22 10:39:11');
INSERT INTO `users` (`id`, `first_name`, `last_name`, `email`, `phone`, `created_at`, `updated_at`) VALUES (46, 'Audie', 'Bruen', 'bryana.becker@example.com', '927-373-03', '2019-06-20 02:30:36', '2019-04-16 08:47:05');
INSERT INTO `users` (`id`, `first_name`, `last_name`, `email`, `phone`, `created_at`, `updated_at`) VALUES (47, 'Tevin', 'Jast', 'odickens@example.org', '1-227-852-', '2020-03-04 01:02:12', '2019-05-21 12:23:03');
INSERT INTO `users` (`id`, `first_name`, `last_name`, `email`, `phone`, `created_at`, `updated_at`) VALUES (48, 'Helena', 'Breitenberg', 'myrtie.haag@example.com', '646-790-52', '2019-05-03 02:01:08', '2019-06-20 06:04:11');
INSERT INTO `users` (`id`, `first_name`, `last_name`, `email`, `phone`, `created_at`, `updated_at`) VALUES (49, 'Alfredo', 'Rice', 'aurelio13@example.net', '144-516-42', '2019-11-07 07:28:30', '2019-09-15 06:27:07');
INSERT INTO `users` (`id`, `first_name`, `last_name`, `email`, `phone`, `created_at`, `updated_at`) VALUES (50, 'Maryam', 'Brown', 'dortiz@example.net', '564.284.07', '2019-12-18 00:47:03', '2019-05-10 06:00:21');
INSERT INTO `users` (`id`, `first_name`, `last_name`, `email`, `phone`, `created_at`, `updated_at`) VALUES (51, 'Aleen', 'Flatley', 'crawford.olson@example.org', '735-075-77', '2019-11-23 02:13:34', '2019-04-03 16:57:45');
INSERT INTO `users` (`id`, `first_name`, `last_name`, `email`, `phone`, `created_at`, `updated_at`) VALUES (52, 'Felton', 'Bartoletti', 'quigley.delphine@example.net', '433-607-82', '2020-03-25 03:09:31', '2020-01-25 16:59:17');
INSERT INTO `users` (`id`, `first_name`, `last_name`, `email`, `phone`, `created_at`, `updated_at`) VALUES (53, 'Marisa', 'Kuhn', 'swest@example.net', '(290)445-1', '2020-01-14 22:01:18', '2019-11-17 09:42:57');
INSERT INTO `users` (`id`, `first_name`, `last_name`, `email`, `phone`, `created_at`, `updated_at`) VALUES (54, 'Columbus', 'Schoen', 'otilia72@example.net', '369-726-95', '2019-04-27 05:03:21', '2019-07-29 21:14:16');
INSERT INTO `users` (`id`, `first_name`, `last_name`, `email`, `phone`, `created_at`, `updated_at`) VALUES (55, 'Shanon', 'Terry', 'aschimmel@example.com', '906.885.26', '2019-08-17 16:13:53', '2020-03-18 02:29:20');
INSERT INTO `users` (`id`, `first_name`, `last_name`, `email`, `phone`, `created_at`, `updated_at`) VALUES (56, 'Alivia', 'Yundt', 'shields.shayne@example.org', '(456)145-4', '2019-11-26 20:03:56', '2020-01-21 09:40:32');
INSERT INTO `users` (`id`, `first_name`, `last_name`, `email`, `phone`, `created_at`, `updated_at`) VALUES (57, 'Bennett', 'Kreiger', 'courtney87@example.com', '1-898-895-', '2020-01-04 02:49:52', '2020-01-24 07:54:54');
INSERT INTO `users` (`id`, `first_name`, `last_name`, `email`, `phone`, `created_at`, `updated_at`) VALUES (58, 'Isabella', 'McClure', 'brisa60@example.org', '868-228-83', '2019-08-11 03:11:17', '2019-07-27 06:43:32');
INSERT INTO `users` (`id`, `first_name`, `last_name`, `email`, `phone`, `created_at`, `updated_at`) VALUES (59, 'Carroll', 'Hamill', 'tconn@example.org', '468-838-75', '2020-02-13 14:36:50', '2020-01-26 06:19:28');
INSERT INTO `users` (`id`, `first_name`, `last_name`, `email`, `phone`, `created_at`, `updated_at`) VALUES (60, 'Armand', 'Moore', 'zbeier@example.net', '695-127-23', '2019-08-21 13:10:55', '2019-06-04 21:13:18');
INSERT INTO `users` (`id`, `first_name`, `last_name`, `email`, `phone`, `created_at`, `updated_at`) VALUES (61, 'Kailee', 'Treutel', 'kjaskolski@example.org', '(782)450-1', '2020-02-22 06:55:46', '2020-03-14 09:03:04');
INSERT INTO `users` (`id`, `first_name`, `last_name`, `email`, `phone`, `created_at`, `updated_at`) VALUES (62, 'Omer', 'Schmitt', 'ldach@example.org', '205.460.54', '2019-12-28 14:37:38', '2020-01-10 03:03:46');
INSERT INTO `users` (`id`, `first_name`, `last_name`, `email`, `phone`, `created_at`, `updated_at`) VALUES (63, 'Gaston', 'Shields', 'kovacek.gloria@example.com', '0776192747', '2019-05-01 12:14:57', '2019-04-06 21:55:49');
INSERT INTO `users` (`id`, `first_name`, `last_name`, `email`, `phone`, `created_at`, `updated_at`) VALUES (64, 'Corine', 'Cormier', 'msimonis@example.net', '+96(4)3047', '2019-05-08 20:06:54', '2019-05-21 15:57:21');
INSERT INTO `users` (`id`, `first_name`, `last_name`, `email`, `phone`, `created_at`, `updated_at`) VALUES (65, 'Marianne', 'Goldner', 'mschinner@example.net', '1-965-775-', '2020-03-09 01:23:41', '2019-06-24 01:14:48');
INSERT INTO `users` (`id`, `first_name`, `last_name`, `email`, `phone`, `created_at`, `updated_at`) VALUES (66, 'Jodie', 'Reilly', 'loy.sawayn@example.org', '(055)881-3', '2019-10-05 00:13:43', '2019-06-30 22:33:31');
INSERT INTO `users` (`id`, `first_name`, `last_name`, `email`, `phone`, `created_at`, `updated_at`) VALUES (67, 'Fannie', 'Barrows', 'annabel43@example.org', '560-217-35', '2019-06-14 03:12:18', '2019-12-09 06:52:05');
INSERT INTO `users` (`id`, `first_name`, `last_name`, `email`, `phone`, `created_at`, `updated_at`) VALUES (68, 'Emil', 'Sipes', 'dana.bahringer@example.org', '733-913-58', '2019-11-07 00:01:29', '2019-05-03 19:13:51');
INSERT INTO `users` (`id`, `first_name`, `last_name`, `email`, `phone`, `created_at`, `updated_at`) VALUES (69, 'Milan', 'Bednar', 'providenci73@example.net', '(003)202-4', '2019-04-22 15:04:55', '2019-12-02 08:01:33');
INSERT INTO `users` (`id`, `first_name`, `last_name`, `email`, `phone`, `created_at`, `updated_at`) VALUES (70, 'Kelli', 'Leannon', 'coty21@example.net', '(861)747-0', '2019-05-24 01:11:28', '2019-06-18 15:07:46');
INSERT INTO `users` (`id`, `first_name`, `last_name`, `email`, `phone`, `created_at`, `updated_at`) VALUES (71, 'Emmie', 'Ward', 'jose86@example.com', '1-391-655-', '2020-01-01 13:30:41', '2019-06-21 15:52:14');
INSERT INTO `users` (`id`, `first_name`, `last_name`, `email`, `phone`, `created_at`, `updated_at`) VALUES (72, 'Leo', 'Crist', 'hcrooks@example.com', '0018968756', '2020-01-26 03:22:09', '2020-02-20 17:17:26');
INSERT INTO `users` (`id`, `first_name`, `last_name`, `email`, `phone`, `created_at`, `updated_at`) VALUES (73, 'Julius', 'Reilly', 'berge.peyton@example.net', '952-497-22', '2019-11-30 11:00:16', '2019-09-24 18:50:56');
INSERT INTO `users` (`id`, `first_name`, `last_name`, `email`, `phone`, `created_at`, `updated_at`) VALUES (74, 'Moshe', 'Mohr', 'barney28@example.org', '065-546-28', '2019-12-10 20:53:33', '2019-10-13 01:58:40');
INSERT INTO `users` (`id`, `first_name`, `last_name`, `email`, `phone`, `created_at`, `updated_at`) VALUES (75, 'Edison', 'Gerlach', 'graham.caden@example.com', '(740)740-4', '2020-01-28 13:52:16', '2019-07-16 11:46:43');
INSERT INTO `users` (`id`, `first_name`, `last_name`, `email`, `phone`, `created_at`, `updated_at`) VALUES (76, 'Karina', 'Barrows', 'tressa.cartwright@example.net', '514-939-06', '2019-12-13 02:00:58', '2020-02-09 01:14:32');
INSERT INTO `users` (`id`, `first_name`, `last_name`, `email`, `phone`, `created_at`, `updated_at`) VALUES (77, 'Anahi', 'Boehm', 'eleuschke@example.com', '(569)494-1', '2020-03-13 17:44:46', '2019-06-02 02:44:14');
INSERT INTO `users` (`id`, `first_name`, `last_name`, `email`, `phone`, `created_at`, `updated_at`) VALUES (78, 'Alice', 'Klocko', 'clotilde.skiles@example.org', '1-151-544-', '2020-02-13 20:01:27', '2019-09-17 20:29:34');
INSERT INTO `users` (`id`, `first_name`, `last_name`, `email`, `phone`, `created_at`, `updated_at`) VALUES (79, 'Alessandra', 'Barrows', 'pearlie.swaniawski@example.net', '1-966-414-', '2019-07-24 16:46:13', '2019-07-06 12:30:32');
INSERT INTO `users` (`id`, `first_name`, `last_name`, `email`, `phone`, `created_at`, `updated_at`) VALUES (80, 'Iva', 'O\'Kon', 'cronin.camille@example.org', '598-475-07', '2019-12-23 14:19:19', '2019-07-20 19:12:59');
INSERT INTO `users` (`id`, `first_name`, `last_name`, `email`, `phone`, `created_at`, `updated_at`) VALUES (81, 'Francisco', 'Langosh', 'chelsea71@example.com', '0584261471', '2019-07-26 13:57:46', '2019-05-14 00:46:33');
INSERT INTO `users` (`id`, `first_name`, `last_name`, `email`, `phone`, `created_at`, `updated_at`) VALUES (82, 'David', 'Blanda', 'gusikowski.reymundo@example.org', '+81(9)3051', '2020-02-07 00:05:11', '2019-12-07 20:01:19');
INSERT INTO `users` (`id`, `first_name`, `last_name`, `email`, `phone`, `created_at`, `updated_at`) VALUES (83, 'Vern', 'Bechtelar', 'keara.towne@example.org', '1-987-311-', '2019-08-25 09:46:30', '2019-12-27 17:36:27');
INSERT INTO `users` (`id`, `first_name`, `last_name`, `email`, `phone`, `created_at`, `updated_at`) VALUES (84, 'Elias', 'Torp', 'irowe@example.net', '445.975.87', '2019-05-06 07:23:01', '2019-04-28 14:18:45');
INSERT INTO `users` (`id`, `first_name`, `last_name`, `email`, `phone`, `created_at`, `updated_at`) VALUES (85, 'Athena', 'Botsford', 'rutherford.itzel@example.net', '579.488.43', '2019-12-11 07:33:18', '2019-12-28 19:13:44');
INSERT INTO `users` (`id`, `first_name`, `last_name`, `email`, `phone`, `created_at`, `updated_at`) VALUES (86, 'Antwan', 'Kohler', 'gondricka@example.org', '0364940293', '2019-11-07 05:33:06', '2019-05-25 09:52:37');
INSERT INTO `users` (`id`, `first_name`, `last_name`, `email`, `phone`, `created_at`, `updated_at`) VALUES (87, 'Kylee', 'Heaney', 'prudence.lowe@example.com', '214-793-62', '2019-09-03 21:29:34', '2019-11-04 21:44:23');
INSERT INTO `users` (`id`, `first_name`, `last_name`, `email`, `phone`, `created_at`, `updated_at`) VALUES (88, 'Jovany', 'Koch', 'fae03@example.com', '362.549.15', '2020-01-20 14:40:24', '2019-11-02 07:28:21');
INSERT INTO `users` (`id`, `first_name`, `last_name`, `email`, `phone`, `created_at`, `updated_at`) VALUES (89, 'Mary', 'Wolff', 'vada.heller@example.com', '1-459-687-', '2019-08-28 02:12:11', '2019-09-12 13:11:39');
INSERT INTO `users` (`id`, `first_name`, `last_name`, `email`, `phone`, `created_at`, `updated_at`) VALUES (90, 'Zita', 'Hintz', 'wuckert.nils@example.org', '1-497-678-', '2019-11-10 16:17:09', '2020-01-08 06:13:16');
INSERT INTO `users` (`id`, `first_name`, `last_name`, `email`, `phone`, `created_at`, `updated_at`) VALUES (91, 'Stella', 'Zieme', 'shields.jeanie@example.com', '+54(4)7992', '2019-04-16 02:43:02', '2019-04-15 16:57:00');
INSERT INTO `users` (`id`, `first_name`, `last_name`, `email`, `phone`, `created_at`, `updated_at`) VALUES (92, 'Muriel', 'Rau', 'jaeden98@example.net', '649-583-37', '2019-08-25 00:26:58', '2019-05-03 05:09:57');
INSERT INTO `users` (`id`, `first_name`, `last_name`, `email`, `phone`, `created_at`, `updated_at`) VALUES (93, 'Shany', 'Satterfield', 'camryn27@example.org', '(720)005-7', '2019-08-21 16:52:10', '2019-05-12 00:58:37');
INSERT INTO `users` (`id`, `first_name`, `last_name`, `email`, `phone`, `created_at`, `updated_at`) VALUES (94, 'Ramiro', 'Boyle', 'yreichel@example.org', '0972908037', '2019-12-23 06:47:47', '2020-01-04 15:42:17');
INSERT INTO `users` (`id`, `first_name`, `last_name`, `email`, `phone`, `created_at`, `updated_at`) VALUES (95, 'Colleen', 'Lehner', 'kamille18@example.org', '1-718-679-', '2019-04-03 09:04:38', '2019-05-01 07:28:05');
INSERT INTO `users` (`id`, `first_name`, `last_name`, `email`, `phone`, `created_at`, `updated_at`) VALUES (96, 'Joshuah', 'Kilback', 'gabrielle.skiles@example.net', '235.160.51', '2019-08-26 01:14:13', '2019-11-09 14:52:31');
INSERT INTO `users` (`id`, `first_name`, `last_name`, `email`, `phone`, `created_at`, `updated_at`) VALUES (97, 'Travon', 'Fritsch', 'bergstrom.crawford@example.com', '(841)083-6', '2019-04-24 11:14:03', '2020-02-26 16:57:21');
INSERT INTO `users` (`id`, `first_name`, `last_name`, `email`, `phone`, `created_at`, `updated_at`) VALUES (98, 'Maegan', 'Schmitt', 'mayert.lester@example.net', '368.878.58', '2019-05-30 14:03:34', '2019-09-04 14:04:07');
INSERT INTO `users` (`id`, `first_name`, `last_name`, `email`, `phone`, `created_at`, `updated_at`) VALUES (99, 'Mike', 'Abshire', 'major76@example.com', '687-394-42', '2019-06-14 02:21:35', '2019-05-30 14:28:10');
INSERT INTO `users` (`id`, `first_name`, `last_name`, `email`, `phone`, `created_at`, `updated_at`) VALUES (100, 'Dessie', 'Homenick', 'mertz.ruthie@example.com', '1-367-696-', '2020-02-27 01:07:38', '2019-12-28 07:30:50');


